0,“吃吃”的爱,蔡康永,蔡康永,徐熙娣;林志玲;金世佳;李子峰;陈汉典;范;傅雷;沈玉琳;梁赫群;赵正平;高山峰;马国贤;利晴天;曾恺t;陈为民;小钟;谢依霖;仇佩佩;小甜甜;黄腾浩;郭文颐;张立东;杨升达;韩宜邦,喜剧;爱情;奇幻,中国大陆 / 香港 / 台湾,汉语普通话,2017-05-27(中国大陆/台湾)
1,22年后的自白：我是杀人犯,入江悠,入江悠;平田研也;郑秉吉,藤原龙也;伊藤英明;夏帆;野村周平;石桥杏奈;龙星凉;早乙女太一;平田满;岩松了;岩城暌;仲村亨,剧情;悬疑;犯罪,日本,日语,2017-06-10(日本)
2,24小时：末路重生,布莱恩・斯莫兹,扎克・迪恩;吉姆・麦克莱恩;罗恩 ・米塔,伊桑・霍克;许晴;保罗・安德森;鲁特格尔・哈尔;利亚姆・坎宁安;娜塔莉・博尔特;坦娅・范・格拉恩;哈基姆・凯-卡西姆;珍娜・厄普顿;艾丹・怀托克;蒂龙・基奥;杰瑞米・杨;苏珊・玲・杨;理查德・洛锡安;比约恩・施泰因巴赫;布兰登・默雷;安德鲁・莫尔加多;杰森・梅德;加里・格鲁森;亚历克斯・安洛斯;谢恩・约翰・克鲁格,动作;科幻;惊悚;犯罪,美国 / 中国大陆 / 南非,英语 / 汉语普通话,2018-01-26(中国大陆);2017-10-26(奥斯汀电影节)
3,3月的狮子 后篇,大友启史,岩下悠子;渡部亮平;大友启史;羽海野千花,神木隆之介;有村架纯;仓科加奈;染谷将太;清原果耶;佐佐木藏之介;加濑亮;伊势谷友介;前田吟;高桥一生;岩松了;齐木茂;中村伦也;尾上之;奥野瑛太;甲本雅裕;新津知世;板谷由夏;伊藤英明;丰川悦司,剧情,日本,日语,2017-04-22(日本)
4,3月的狮子 前篇,大友启史,岩下悠子;渡部亮平;大友启史;羽海野千花,神木隆之介;有村架纯;仓科加奈;染谷将太;清原果耶;佐佐木藏之介;加濑亮;前田吟;高桥一生;岩松了;齐木茂;中村伦也;尾上之;奥野瑛太;甲本雅裕;新津知世;板谷由夏;伊藤英明;丰川悦司,剧情,日本,日语,2017-03-18(日本)
5,7号室,李容承,李容承,申河均;都切;金东英;金正洙;金钟求;朴修荣;全锡浩;郑熙泰;金度允;黄贞敏;郑胜吉;金智英;金泰汉;禹志贤,喜剧;悬疑;犯罪,韩国,韩语,2017-07-13(富川奇幻电影节);2017-11-15(韩国)
6,BLAME!,濑下宽之,贰瓶勉;村井贞之,樱井孝宏;花泽香菜;雨宫天;山路和弘;宫野真守;洲崎绫;岛崎信长;|裕贵;丰崎爱生;早见沙织,科幻;动画,日本,日语,2017-05-20(日本)
7,JOJO的奇妙冒险：不灭钻石 第一章,三池崇史,荒木飞吕彦,山崎贤人;神木隆之介;小松菜奈;冈田将生;新田真剑佑;山田孝之;伊势谷友介;观月亚理莎;国村隼,动作;奇幻;冒险,日本,日语,2017-08-04(日本)
8,P与JK,广木隆一,吉川菜美;三次真纪,龟梨和也;土屋太凤;高杉真宙;玉城蒂娜;西x大吾;村上淳;友坂理惠;大政绚;田口智朗,喜剧;爱情,日本,日语,2017-03-25(日本)
9,阿莉芙,王育麟,王育麟;徐华谦;花柏容;陈慧玲;朱丽安娜・许,舞炯恩・加以法利得;赵逸岚;吴朋奉;陈竹N;郑人硕;胡德夫,剧情;同性,台湾,汉语普通话,2017-10-26(东京电影节);2017-10-27(台湾)
10,阿唐奇遇,王微,王微,石磊;原泽宇;季冠霖;洪晃;米粒;芒莱;张磊;赵岭;严燕生;仁杰;任亚明;赵霁,动画;奇幻;冒险,中国大陆,汉语普通话,2017-07-21(中国大陆);2017-06-17(上海电影节)
11,啊，荒野 后篇,岸善幸,港岳彦;岸善幸;寺山修司,菅田将晖;梁益准;木下明里;茂吕师冈;高桥和也;今野杏南;山田裕贵;河井青叶;前原;c原利久;小林且弥;川口觉;山中崇;绪方义博;木村多江;中山裕介;山本浩司;铃木卓尔,剧情,日本,日语,2017-10-21(日本)
12,啊，荒野 前篇,岸善幸,港岳彦;岸善幸;寺山修司,菅田将晖;梁益准;木下明里;茂吕师冈;高桥和也;今野杏南;山田裕贵;河井青叶;前原;c原利久;小林且弥;川口觉;山中崇;绪方义博;木村多江;中山裕介;山本浩司;铃木卓尔,剧情,日本,日语,2017-10-07(日本)
13,哀乐女子天团,桑木天;刘博文,郭昱德;桑木天;刘博文,杨小兰;刘E;尹菲;叶禹含;陈洁怡;谭志玲;秦勇,剧情;音乐,中国大陆,汉语普通话,2017-06-30(中国大陆)
14,艾娃,蕾雅・梅西斯,蕾雅・梅西斯;保罗・圭哈姆,诺亚・阿比塔;劳尔・卡拉米;胡安・卡诺;塔玛拉・卡诺,剧情;爱情,法国,法语 / 西班牙语,2017-05-19(戛纳电影节);2017-06-21(法国)
15,爱砸了,尼尔斯-埃里克・艾克布洛姆,尼尔斯-埃里克・艾克布洛姆,米寇・考毗拉;瓦特瑞・雷特宁;桑娜・玛朱利;萨米・胡塔拉;阿曼达・维罗莱宁;米佳・奥克萨宁;凯莎・萨拉卡拉;朱霍・凯斯基塔洛;尼尔斯-埃里克・艾克布洛姆,剧情;爱情;同性,芬兰,芬兰语 / 英语,2017-06-19(旧金山LGBTQ电影节)
16,安娜贝尔2：诞生,大卫・F・桑德伯格,加里・多伯曼,斯黛芬妮・西格曼;特丽莎・贝特曼;露露・威尔逊;米兰达・奥图;安东尼・拉帕格利亚;艾丽西娅・维拉-贝利;格蕾丝・富尔顿;萨马拉・李;菲利帕・库特哈德;约瑟夫・比沙拉;凯莉・奥马利;布莱恩・豪威;亚当・巴特利;洛塔・洛森;布拉德・格林奎斯特;泰勒・巴克;马克・布拉姆霍尔;利亚姆・詹姆斯・拉莫斯;卢・卢・萨夫兰;泰勒・A・约翰逊;卡拉莱・奥斯汀,悬疑;惊悚;恐怖,美国,英语,2017-08-11(美国)
17,暗黑女子,耶云哉治,冈田磨里,清水富美加;饭丰万理江;清野菜名;玉城蒂娜;小岛梨里杏;平v奈;升毅;千叶雄大,悬疑,日本,日语,2017-04-01(日本)
18,傲娇与偏见,李海蜀;黄彦威,李海蜀;黄彦威;媚媚猫;张秀洁;韩瑞;马月红,迪丽热巴;张云龙;高伟光;金晨;马薇薇;范;披拉・尼迪裴善官;周海媚;樊野;李,喜剧;爱情,中国大陆,汉语普通话,2017-04-20(中国大陆)
19,奥斯曼中尉,约瑟夫・鲁本,杰夫・斯托克韦尔,米契尔・哈思曼;海拉・西尔玛;乔什・哈奈特;本・金斯利;哈鲁克・比尔根纳尔;阿菲・班・巴德拉;保罗・巴雷特;杰西卡・特纳;彼得・霍斯金;塞尔柱克・约奈坛,剧情;战争,土耳其 / 美国,英语,2017-03-10(美国);2017-05-19(土耳其)
20,巴霍巴利王(下)：终结,S・S・拉贾穆里,曼孔布・戈帕拉克里希南;马德汉・卡尔基;C・H・维杰・库马尔;马努杰・芒塔希尔;维杰耶德拉・普拉萨德;S・S・拉贾穆里,帕拉巴斯;拉纳・达格巴提;安努舒卡・谢蒂;特曼娜・芭蒂亚;萨伯拉杰;拉姆亚・克里希南;纳赛尔;挲塞亚拉杰,剧情;动作;战争;奇幻;冒险,印度,泰卢固语 / 泰米尔语 / 印地语 / 马拉雅拉姆语,2017-04-28(印度)
21,爸爸是女儿,金惠荣,崔允美;金娜里;乔晟佑;金吉森,尹宰文;郑素敏;申久;李日花;李美度;沈亨倬;姜其永;许嘉允;敏度希;朴明秀,剧情;喜剧;奇幻,韩国,韩语,2017-04-12(韩国)
22,百鸟朝凤,吴天明,吴天明;罗雪莹;肖江虹,陶泽如;李岷城;嵇波;胡先煦;郑伟;迟蓬;袁中方;墨阳;张喜前;谭群;王长玲;周天羽;张双成;许还山,剧情,中国大陆,汉语普通话,2016-05-06(中国大陆);2017-04-20(中国大陆重映);2013-09-25(金鸡百花电影节)
23,百日孤独,克里斯蒂安・帕斯奎雷罗,克里斯蒂安・帕斯奎雷罗;加布里埃尔・费弗,伊万・瑞恩;安德烈・赫尼克;雷纳・沃纳;佐伊・格莱斯戴尔;尼尔斯-布鲁诺・施密特;蒂姆・威廉姆斯;克里斯蒂安・帕斯奎雷罗,科幻;惊悚;恐怖,德国,英语,2017-03-11(日本);2017-06-17(上海电影节);2017-12-07(德国)
24,绑架,路易斯・普瑞托,内特・李,哈莉・贝瑞;塞奇・科雷亚;克里斯・麦金;卢・坦普尔;杰森・乔治;克里斯托弗・贝瑞;阿荣・希弗;柯蒂斯・贝德福特;卡梅拉・莱利;布莱斯・费舍尔;珍妮・文特里斯;蒂莫西・范农;安迪・瓦格纳;梅莉尔・罗斯,动作;惊悚,美国,英语,2017-05-21(挪威);2017-08-04(美国)
25,宝贝老板,汤姆・麦格拉思,迈克尔・麦库勒斯;玛拉・弗雷齐,亚历克・鲍德温;迈尔斯・克里斯托弗・巴克什;吉米・坎摩尔;丽莎・库卓;史蒂夫・布西密;托比・马奎尔;詹姆斯・麦格拉思;康拉德・弗农;薇薇安・叶;小埃里克・贝尔;大卫・索伦;伊迪・米尔曼;詹姆斯・雷恩;沃尔特・道恩;朱尔斯・温特,喜剧;动画,美国,英语,2017-03-12(迈阿密电影节);2017-03-31(美国)
26,保安官,金炯柱,金炯柱,李圣F;赵震雄;金成钧;赵宇镇;林贤成,喜剧;犯罪,韩国,韩语,2017-05-03(韩国)
27,报告老师！怪怪怪怪物！,九把刀,九把刀,邓育凯;蔡凡熙;陈骐;刘奕儿;林|;赖浚程;陶柏萌;梁洳u;乾德门;布鲁斯;蔡昌宪;宋芸桦;柯震东;侯彦西,剧情;恐怖,台湾,汉语普通话,2017-04-23(香港电影节);2017-07-28(台湾)
28,暴雪将至,董越,董越,段奕宏;江一燕;杜源;郑伟;郑楚一;张林,剧情;悬疑;犯罪,中国大陆,汉语普通话,2017-11-17(中国大陆);2017-10-29(东京电影节)
29,悲剧女孩,泰勒・麦金泰尔,克里斯・李・希尔;泰勒・麦金泰尔;贾斯汀・奥尔森,布里安娜・希德布兰德;亚历山德拉・希普;杰克・奎德;凯文・杜兰;蒂莫西・V・墨菲;凯蒂・斯托特勒迈尔;妮基・韦兰;伊利斯・尼尔;克雷格・罗宾森;安迪・贝西亚;基思・赫德森;莎凡娜・杰德;奥斯汀・艾布拉姆斯;威廉・托卡斯基;玛丽卡门・洛佩兹;罗伦・莱斯特;赵家玲;克里・罗德斯;卡梅伦・凡・霍伊,喜剧;恐怖,美国,英语,2017-03-12(西南偏南电影节);2017-10-20(美国)
30,蝙蝠侠：煤气灯下的哥谭,刘山姆,詹姆斯・克里格;布赖恩・奥古斯塔廷;迈克・米格诺拉;鲍勃・凯恩;比尔・芬格;丹尼・奥尼尔;迪克・乔达诺,布鲁斯・格林伍德;詹妮弗・卡朋特;克里斯・考克斯;约翰・迪・玛吉欧;大卫・福塞思;格蕾・德丽斯勒;安东尼・海德;鲍勃・乔尔斯;尤里・洛文塔尔;林肯・梅尔彻;斯科特・帕特森;威廉・赛莱耶;塔拉・斯特朗;布鲁斯・提姆;卡瑞・伍尔,动作;科幻;动画;悬疑;犯罪,美国,英语,2018-01-23(美国)
31,变形金刚5：最后的骑士,迈克尔・贝,阿特・马库姆;马特・霍洛维;肯・诺兰;阿齐瓦・高斯曼,马克・沃尔伯格;伊莎贝拉・莫奈;劳拉・哈德克;安东尼・霍普金斯;乔什・杜哈明;彼特・库伦;约翰・古德曼;斯坦利・图齐;桑地亚哥・卡布瑞拉;吉尔・伯明翰;渡边谦;约翰・迪・玛吉欧;弗兰克・维尔克;米彻・佩勒吉,动作;科幻,美国,英语,2017-06-23(中国大陆);2017-06-21(美国)
32,表妹,杨浩烨,,刘智苑;朴善宇;韩娜;金正申;基昂;金亨民;权范泽,剧情;爱情;情色,韩国,韩语,2017-06-13(韩国)
33,表情奇幻冒险,安东尼・莱昂迪斯,安东尼・莱昂迪斯;艾瑞克・希格尔;麦克・怀特,T・J・米勒;詹姆斯・柯登;安娜・法瑞丝;玛娅・鲁道夫;史蒂夫・赖特;詹妮佛・库里奇;帕特里克・斯图尔特;克里斯蒂娜・阿奎莱拉;索菲娅・维加拉;瑞秋・雷;西恩・海耶斯;杰克・T・奥斯汀;塔蒂・加布里埃;杰夫瑞・罗斯;亨特・玛奇;艾瑞克・希格尔;肖恩・吉布朗尼;连姆・艾肯;索姆・毕绍普斯;凯文・张伯伦;亚当・布朗;乔・怀特;康拉德・弗农;凯特・歌妮,喜剧;动画;冒险,美国,英语,2018(中国大陆);2017-07-28(美国)
34,别惹我,吕克・贝松,吕克・贝松;迈克尔・卡莱奥;托尼诺・贝纳奎斯塔,罗伯特・德尼罗;米歇尔・菲佛;迪安娜・阿格隆;约翰・德利奥;汤米・李・琼斯;吉米・帕伦博;多米尼克・隆巴多兹;斯坦・卡普;维森特・帕斯托雷;乔恩・弗雷达;小迈克尔・J・帕尼凯利;保罗・鲍格才;安东尼・德西奥;特德・阿尔奇迪;大卫・贝利,喜剧;动作;惊悚;犯罪,法国 / 美国,英语 / 法语,2014-03-07(中国大陆);2013-09-13(美国);2013-10-23(法国)
35,冰肤传说,泽维尔・吉恩斯,赫苏斯・奥尔莫;埃伦・希恩;艾伯特・桑切斯・皮诺,雷・史蒂文森;大卫・奥克斯;奥拉・加里多;温斯洛・M・岩城;约翰・本菲尔德;本・坦普尔;伊凡・冈萨雷斯,科幻;惊悚;冒险,西班牙 / 法国,英语,2017-09-10(法国L'étrange电影节);2017-10-20(西班牙)
36,冰果 真人版,安里麻里,安里麻里;米泽穗信,山崎贤人;广濑爱丽丝;小岛藤子;冈山天音;本乡奏多,剧情;悬疑,日本,日语,2017-11-03(日本)
37,玻璃城堡,德斯汀・克里顿,德斯汀・克里顿;安德鲁・兰纳姆;珍妮特・沃尔斯,布丽・拉尔森;伍迪・哈里森;娜奥米・沃茨;艾拉・安德森;钱德勒・海德;马克思・格林菲尔德;乔希・卡拉斯;查理・肖特韦尔;伊恩・阿米蒂奇;莎拉・斯努克;萨迪・辛克;奥利维亚・凯特・莱斯;布里盖特・伦迪・佩恩;席瑞・克鲁克斯;伊登・格雷斯・雷德菲尔德;罗宾・巴特利特;乔・平格;多米尼克・博加特,剧情;家庭;传记,美国,英语,2017-08-11(美国)
38,伯德小姐,格蕾塔・葛韦格,格蕾塔・葛韦格,西尔莎・罗南;劳里・梅特卡夫;崔西・莱茨;卢卡斯・赫奇斯;蒂莫西・柴勒梅德;比妮・费尔德斯坦;罗伊丝・史密斯;斯蒂芬・亨德森;奥德娅・拉什;乔丹・罗德里格斯;凯瑟琳・纽顿;约翰・卡尔纳;杰克・麦克道曼;劳拉・马兰洛;安迪・巴克利;丹尼尔・祖瓦图;克里森・克拉克;丹妮尔・麦克唐纳;鲍勃・斯蒂芬森;路易莎・李;伦敦・托尔;本・康尼斯伯格;维克托・沃尔夫,剧情;家庭,美国,英语,2017-09-01(特柳赖德电影节);2017-11-03(美国)
39,不干了，我开除了黑心公司,成岛出,多和田久美;成岛出;北川{海,福士苍汰;工藤阿须加;黑木华;森口瑶子;池田成志;小池荣子;吉田钢太郎,喜剧,日本,日语,2017-05-27(日本)
40,不汗党,卞成贤,卞成贤,薛耿求;任时完;全慧珍,剧情;动作;犯罪,韩国,韩语,2017-05-17(韩国)
41,仓皇一夜,露西亚・安尼洛,露西亚・安尼洛;保罗・当斯,斯嘉丽・约翰逊;吉莉恩・贝尔;佐伊・克罗维兹;伊拉纳・格雷泽;凯特・麦克金农;保罗・当斯;瑞安・库柏;泰・布利尔;黛米・摩尔;恩里克・穆西安诺;迪恩・文特斯;科尔顿・海恩斯;帕特里克・卡莱尔;埃里克・安德烈;博・伯翰,喜剧,美国,英语,2017-06-16(美国)
42,厕所英雄,什里・那拉扬・辛,格丽玛;西达尔特,阿克谢・库玛尔;阿努潘・凯尔;布米・佩德卡尔;拉什・沙玛;萨钦・克德卡;莎娜・可汗;迪韦严杜・沙玛,剧情;喜剧,印度,印地语,2017-08-11(印度)
43,查尔斯三世,鲁伯特・古尔德,迈克・巴特利,蒂姆・皮戈特-史密斯;奥利弗・克里斯;理查德・古尔丁;夏洛特・莱利;玛格特・莱斯特;塔马拉・劳伦斯;亚当・詹姆斯;普莉安卡・伯福德;蒂姆・迈克穆兰;凯蒂・布莱本;尼亚切・海邓迪;约翰・斯拉普内尔;帕斯・列可勒;伊恩・雷德福;马克斯・班内特,剧情;奇幻,英国,英语,2017-05-10(英国)
44,拆弹专家,邱礼涛,邱礼涛;李敏,刘德华;姜武;宋佳;吴卓羲;姜皓文;王紫逸;黄日华;石修;廖启智;张竣杰;蔡瀚亿;张继聪;李国麟;骆应钧;尹扬明;卢惠光;何华超,动作;悬疑;犯罪,中国大陆 / 香港,汉语普通话 / 粤语,2017-04-28(中国大陆)
45,常在你左右,邱礼涛,邱礼涛,古天乐;张智霖;林家栋;蔡卓妍;佘诗曼;林雪;苑琼丹;雨侨,悬疑;犯罪,香港 / 中国大陆,粤语,2017-10-27(中国大陆)
46,超速驾驶,安东尼奥・奈格列,迈克尔・布拉德特;德里克・哈斯,斯科特・伊斯特伍德;弗莱迪・索普;安娜・德・阿玛斯;盖亚・维斯;西蒙・阿布卡瑞安;克雷蒙斯・施伊克;亚伯拉罕・布拉甲;安娜斯・莫诺里;茂萨・马斯克里,动作;惊悚,法国 / 比利时 / 美国,英语 / 法语 / 德语,2017-06-15(斯洛文尼亚);2017-10-06(美国)
47,朝鲜名侦探：吸血怪魔的秘密,金锡允,金卓焕;韩增爱;赵恩怡;李南奎,金智媛;金明民;吴达洙;金;李民基,喜剧;冒险;古装,韩国,韩语,2018-02-08(韩国)
48,赤焰战场2,迪恩・帕里索特,乔・霍贝尔;埃里希・霍贝尔;库里・哈米尔;沃伦・埃利斯,布鲁斯・威利斯;玛丽・露易斯・帕克;凯瑟琳・泽塔-琼斯;海伦・米伦;安东尼・霍普金斯;约翰・马尔科维奇;李秉宪;大卫・休里斯;尼尔・麦克唐纳;提图斯・维里沃;加里克・哈根;蒂姆・皮戈特-史密斯;布莱恩・考克斯;菲利普・阿迪提;米切尔・马伦,喜剧;动作;犯罪,美国 / 法国 / 加拿大,英语 / 俄语 / 法语,2013-11-15(中国大陆);2013-07-19(美国)
49,初恋日记,叶曦,叶曦,王敏奕;马志威;符龙飞;林雪;罗家英;苑琼丹;黄一山;麦家琪;利健森;杜小乔;贝依霖;魏文青;莫美妮,爱情,香港,粤语 / 汉语普通话,2017-09-15(中国大陆);2017-03-02(香港)
50,春&夏事件簿,市井昌秀,市井昌秀;山浦雅大;初野晴,佐藤胜利;桥本环奈;恒松v里;清水寻也;前田航基;平冈拓真;上白石萌歌;二A堂;志贺广太郎;小出惠介,剧情;爱情;音乐,日本,日语,2017-03-04(日本)
51,春娇救志明,彭浩翔,彭浩翔;尹志文;陆以心,余文乐;杨千;蒋梦婕;曾国祥;秦沛;邵音音;王晓晨;司徒慧焯;谷德昭;谷祖琳;陈逸宁;阎汶宣;林兆霞;李程彬;欧铠淳;林海峰;森美;吴岱融;陈意岚;邹凯光;周俊伟;陈静;麦芷谊;郭奕芯;李拾壹;关逸基;廖子妤;袁澧林;田启文;连诗雅;黄文慧;彭浩翔,剧情;喜剧;爱情,香港 / 中国大陆,粤语 / 汉语普通话,2017-04-28(中国大陆);2017-04-11(香港电影节);2017-04-27(香港)
52,春宵苦短，少女前进吧！,汤浅政明,上田诚;森见登美彦,星野源;花泽香菜;神谷浩史;秋山o次;中井和哉;甲斐田裕子;吉野裕行;新妻圣子;诹访部顺一;悠木碧;桧山修之;山路和弘;麦人,喜剧;爱情;动画;奇幻,日本,日语,2017-04-07(日本)
53,刺杀盖世太保,塞德里克・吉门内兹,大卫・法尔;奥黛丽・迪万;塞德里克・吉门内兹;洛朗・比奈,裴淳华;米娅・华希科沃斯卡;杰森・克拉克;杰克・奥康奈尔;杰克・莱诺;斯蒂芬・格拉汉姆;阿比盖尔・劳里;杰夫・贝尔;诺亚・尤佩;托马斯・M・赖特;沃尔克・布鲁赫;恩佐・科伦蒂;席琳・赛莱;奥斯卡・肯尼迪;克里斯蒂娜・勾兹托拉;吉尔・勒卢什;巴里・阿茨玛;亚当・那加提斯;拜尔特・爱德华兹;吉姆・斯图格恩;保罗・布伦南;斯科特・亚历山大・杨;科莎・恩格勒,剧情;历史;战争,法国 / 英国 / 比利时 / 美国,英语,2017-11-24(中国大陆);2017-05-09(巴黎首映);2017-06-07(法国)
54,丛林,克瑞格・麦克林恩,贾斯廷・蒙霍;约西・金斯贝格,丹尼尔・雷德克里夫;亚历克斯・罗素;托马斯・克莱舒曼;莉莉・沙利文;娅丝明・卡西姆;乔尔・杰克逊;约翰・布鲁塞尔;杰克・科曼;帕里斯・莫莱蒂;安琪・米利肯;路易斯・乔斯・洛佩斯;乔伊・维埃拉;卢乔・韦拉斯科;娜塔莎・普鲁克尼维奇,剧情;惊悚;冒险,澳大利亚 / 哥伦比亚,西班牙语 / 英语,2017-08-03(墨尔本电影节);2017-10-20(美国网络)
55,达拉斯买家俱乐部,让-马克・瓦雷,克莱格・鲍登;梅丽莎・沃雷克,马修・麦康纳;詹妮弗・加纳;杰瑞德・莱托;史蒂夫・茨恩;达拉斯・罗伯特斯;凯文・兰金;丹尼斯・欧哈拉;简・麦克尼尔;格里芬・邓恩;詹姆斯・杜蒙特;朱丽叶・里夫斯;斯蒂菲・格罗特;J・D・埃弗摩尔,剧情;同性;传记,美国,英语 / 日语,2013-09-07(多伦多电影节);2013-11-22(美国)
56,打拳架,里奇・基恩,范・罗比查乌克斯;埃文・萨瑟;马克思・格林菲尔德,查理・戴;艾斯・库珀;克里斯蒂娜・亨德里克斯;吉莉恩・贝尔;乔安娜・加西亚;迪恩・诺里斯;丹尼斯・海斯伯特;马克斯・卡维尔;崔西・摩根;查理・卡维尔;因德尔・库马尔;金・惠特利;斯蒂夫妮・韦尔;奥图姆・戴尔,喜剧,美国,英语,2017-02-17(美国)
57,大佛普拉斯,黄信尧,黄信尧,陈竹N;庄益增;戴立忍;纳豆;张少怀;丁国琳;雷婕熙;林美秀;陈以文;郑宇彤;梁赫群;游安顺;李永丰;朱约信;小亮哥;脱线,剧情;喜剧,台湾,闽南语 / 汉语普通话,2017-06-29(台北电影节);2017-10-13(台湾)
58,大护法,不思凡,不思凡,小连杀;图特哈蒙;金士杰;幽舞越山;李佳怡;李兰陵;郭盛;叶知秋;佟心竹;邢凯新;藤新;郝祥海,喜剧;动画;奇幻;冒险,中国大陆,汉语普通话,2017-07-13(中国大陆)
59,大坏狐狸的故事,本杰明・雷内;帕特里克・英伯特,本杰明・雷内;让・勒尼奥,纪尧姆・达尔诺;席琳・荣特;达米安・维特卡;安托万・苏姆斯基;卡梅尔・阿卜德萨多克;克里斯多夫・勒莫因;纪尧姆・布谢德;鲍里斯・雷林格;玛佳丽・罗森茨威格;让・卢・霍维茨;伊夫・阎,喜剧;动画;冒险,法国 / 比利时,法语,2018-03-16(中国大陆);2017-06-15(安锡动画电影节);2017-06-21(法国)
60,大明劫,王竞,谢晓东;周荣扬,冯远征;戴立忍;冯波;杨D;钱学格;司源;马精武;胡晓光;余少群,剧情;历史;古装,中国大陆,汉语普通话,2013-10-25(中国大陆);2013-08-31(蒙特利尔电影节)
61,大骚乱,乔・林奇,马蒂亚斯・卡鲁索,史蒂文・元;萨玛拉・维文;史蒂文・布兰德;卡罗琳・奇克泽;凯瑞・福克斯;达拉斯・罗伯特斯;马克・福斯特;克莱尔・德拉马尔;安德烈・埃里克森;尼古拉・肯特;露西・查普尔;沃力佳・鲁斯蒂奇;博扬・佩雷斯;安娜玛丽亚・塞尔达,动作;恐怖,美国,英语,2017-03-13(西南偏南电影节);2017-11-10(美国)
62,大世界,刘健,刘健,朱昌龙;曹寇;杨思明;马晓峰;曹恺;刘健;薛峰;朱虹;王达;施海涛;郑懿,动画,中国大陆,汉语普通话,2018-01-12(中国大陆);2017-02-17(柏林电影节)
63,大雪冬至,邢潇,邢潇;吴辰泰;陈新建,祝希娟;果汁;张桐;李金斗;赵婉瑜,剧情,中国大陆,汉语普通话,2018-01-25(中国大陆);2017-06-19(上海电影节)
64,代立军,郑胤澈,申英度,李政宰;吕珍九;金武烈;裴秀彬;曹东因;李絮;玄奉植;金明坤;南成俊;朴海俊;朴元尚,剧情;历史;战争;古装,韩国,韩语,2017-05-31(韩国)
65,单身骑士,李祖英,李祖英,李秉宪;孔晓振;安昭熙;本尼迪克・哈迪;杰克・坎贝尔;凯茨・托马斯,剧情,韩国 / 澳大利亚,韩语,2017-02-22(韩国)
66,荡寇风云,陈嘉上,陈嘉上,赵文卓;洪金宝;万茜;小出惠介;仓田保昭;唐文龙;刘俊孝;吴樾;木幡龙;王斑;洪天明,动作;传记;历史;战争;古装,中国大陆,汉语普通话 / 日语,2017-05-27(中国大陆)
67,盗潜黄金城,史蒂文・奎里,吕克・贝松;理查德・温克,沙利文・斯特普尔顿;J・K・西蒙斯;查理・比尤利;西尔维娅・侯克斯;约书亚・亨利;迪尔梅德・默塔;迪米特里・列奥尼达斯;克雷蒙斯・施伊克;艾文・布莱纳;彼得・达沃;卡里姆・谢里夫;丹尼斯・布里兹克,喜剧;动作;犯罪,德国 / 法国 / 比利时 / 美国,英语 / 克罗地亚语 / 德语,2017-09-01(德国)
68,敌对区域,阿道弗・马丁内斯・佩雷斯,路易斯・阿兰兹;安德烈斯・M・科佩尔,阿里亚德娜・希尔;劳尔・梅里达;罗伯托・阿拉莫;安东尼奥・加里多;英格丽・加西亚・荣松;贾格布・迪森塔;意斯梅尔・马丁内斯;纳赛尔・萨雷;玛丽亚姆・埃尔南德斯;鲁丝・加布瑞尔;尤尼斯・贝希尔;大卫・德・拉・托雷;哈维尔・博多洛;贝尔塔・埃尔南德斯;塞尔吉奥・莫莫,动作;惊悚;战争,西班牙,西班牙语,2017-03-10(西班牙)
69,底特律,凯瑟琳・毕格罗,马克・鲍尔,约翰・博耶加;威尔・保尔特;阿尔吉・史密斯;雅各布・拉提摩尔;杰森・米切尔;汉娜・穆雷;杰克・莱诺;凯特琳・德弗;本・奥图尔;约翰・卡拉辛斯基;安东尼・麦凯;内森・戴维斯;佩顿・亚历克斯・史密斯;马尔科姆・大卫・凯利;约瑟夫・戴维-琼斯;拉兹・阿隆索;伊弗雷姆・赛克斯;莱昂・托马斯三世;格本加・阿金纳格贝;克里斯・乔克;杰瑞米・斯特朗;萨米拉・威利;泰勒・詹姆斯・威廉姆,剧情;历史;犯罪,美国,英语,2017-07-25(底特律首映);2017-08-04(美国)
70,帝一之国,永井聪,泉吉;古屋兔丸,菅田将晖;野村周平;竹内凉真;间宫祥太朗;志尊淳;千叶雄大;永野芽郁;铃木胜大;c原利久;冈山天音;井之胁海;木村了;吉田钢太郎,剧情;喜剧,日本,日语,2017-04-29(日本)
71,电锯惊魂8：竖锯,迈克尔・斯派瑞;彼得・斯派瑞,皮特・古德芬格;乔什・斯托博格,马特・帕斯摩尔;托宾・贝尔;考乐姆・吉斯・雷尼;汉娜・艾米莉・安德森;科勒・班尼特;劳拉・范德沃特;保罗・布朗斯坦;曼德拉・范・皮布尔斯;布列塔尼・艾伦;乔赛亚・布莱克;爱德华・拉特尔;迈克・布瓦韦尔,悬疑;惊悚;恐怖,美国 / 加拿大,英语,2017-10-27(美国)
72,东北插班生,姜秉辰,,史元庭;陈世承;范少勋,喜剧;动作,中国大陆,汉语普通话,2017-07-15(中国大陆)
73,东方快车谋杀案,肯尼思・布拉纳,迈克尔・格林;阿加莎・克里斯蒂,肯尼思・布拉纳;佩内洛普・克鲁兹;威廉・达福;朱迪・丹奇;约翰尼・德普;乔什・加德;德里克・雅各比;小莱斯利・奥多姆;米歇尔・菲佛;黛西・雷德利;露西・宝通;奥利维娅・科尔曼;亚当・加西亚;米兰达・莱森;曼努埃尔・加西亚-鲁尔福;汤姆・巴特曼;马尔万・肯扎里;阿拉・萨菲;瑟盖・普罗宁,剧情;悬疑;犯罪,美国 / 马耳他,英语 / 法语 / 德语,2017-11-10(美国/中国大陆);2017-11-03(英国)
74,东京食尸鬼 真人版,c原健太郎,楠野一郎;石田翠,洼田正孝;清水富美加;铃木伸之;苍井优;大泉洋;佐佐木希;村井国夫;浜野谦太;柳俊太郎;樱田日和;相田翔子,剧情;恐怖;奇幻,日本,日语,2017-07-16(富川奇幻电影节);2017-07-29(日本)
75,动物园长的夫人,妮琪・卡罗,黛安・艾克曼;安吉拉・沃克曼,杰西卡・查斯坦;约翰・海尔登贝格;丹尼尔・布鲁尔;蒂莫西・拉德福德;伊芙雷特・多;伊多・戈德堡;希拉・哈斯;迈克尔・麦克埃尔哈顿;瓦尔・马罗库;玛尔塔・艾索瓦;丹尼尔・雷提莫斯基;弗雷德里克・普雷斯顿;西奥・普雷斯顿;戈兰・卡斯蒂克,剧情;传记;历史,捷克 / 英国 / 美国,英语,2017-03-12(圣何塞电影节);2017-04-07(美国)
76,豆福传,邹D,司文;郭┚;王昊然;黄锟,陈佩斯;李立群;季冠霖;付博文,动画,中国大陆,汉语普通话,2017-07-28(中国大陆)
77,毒。诫,刘国昌,陈文强;林惠菊,刘青云;林家栋;古天乐;张晋;江一燕;谭耀文;吴孟达;陈观泰;卢海鹏;楼南光;欧锦棠;林国斌;尹扬明;苗可秀;庄思敏;张建声,剧情;动作;犯罪,中国大陆 / 香港,汉语普通话 / 粤语,2017-05-12(中国大陆)
78,独自在夜晚的海边,洪尚秀,洪尚秀,金敏喜;徐永;郑在咏;文成根;权海骁;宋宣美;安在洪,剧情;爱情,韩国,韩语,2017-02-16(柏林电影节);2017-03-23(韩国)
79,敦刻尔克,克里斯托弗・诺兰,克里斯托弗・诺兰,菲恩・怀特海德;汤姆・格林-卡尼;杰克・劳登;哈里・斯泰尔斯;阿奈林・巴纳德;汤姆・哈迪;马克・里朗斯;巴里・基奥根;基里安・墨菲;詹姆斯・达西;肯尼思・布拉纳;李・阿姆斯特朗;詹姆斯・布鲁尔;达米安・勃纳尔;布莱恩・威纳尔;哈利・理查森;艾略特・提特恩索;凯文・格思里;巴比・洛克伍德;米歇尔・贝尔;比利・豪尔;迈克尔・凯恩;约翰・诺兰;米兰达・诺兰,剧情;历史;战争,英国 / 法国 / 美国 / 荷兰,英语 / 法语 / 德语,2017-09-01(中国大陆);2017-07-13(伦敦首映);2017-07-21(美国)
80,哆啦A梦：大雄的南极冰冰凉大冒险,高桥敦史,高桥敦史;藤子・F・不二雄,水田山葵;大原惠美;嘉数由美;木村昴;关智一;藤本千秋;钉宫理惠;金井美香;三石琴乃,动画;冒险,日本,日语,2017-05-30(中国大陆);2017-03-04(日本)
81,恶女,郑秉吉,郑秉吉;郑秉希,金玉彬;申河均;盛骏;金瑞亨;曹恩智;朴哲民;郑海钧,剧情;动作,韩国,韩语,2017-05-21(戛纳电影节);2017-06-08(韩国)
82,二代妖精之今生有幸,肖洋,肖洋;郭异雯,冯绍峰;刘亦菲;李光洁;郭京飞;焦俊艳;熊乃瑾;王双宝;张子贤;朱捷;陈芋米;范;隋凯;崔名扬,喜剧;爱情;奇幻,中国大陆,汉语普通话,2017-12-29(中国大陆)
83,反转人生,伍仕贤,伍仕贤;贾斯汀・麦伦,夏雨;闫妮;潘斌龙;宋茜;吴大维;宁静;王宝强;雷佳音;李勤勤;郭凯敏;包贝尔;英达;景岗山;李静;肖剑;隋凯;吴彦祖,喜剧;奇幻,中国大陆,汉语普通话,2017-06-29(中国大陆)
84,犯罪都市,姜允成,姜允成,马东锡;尹继尚;赵在允;崔奎华;林炯俊;陈善圭;洪基俊;许栋元;河俊;金成圭;朴智焕;许成泰;闵庆珍;尹炳熙;李相元;郑仁基;严智星;白仁权;裴振雄;韩成天;金久;金@兴;崔成宰;赵震雄;允珠,动作;犯罪,韩国,韩语,2017-10-03(韩国)
85,方法派,方银振,方银振;闵艺智,朴圣雄;吴承勋;尹胜雅;柳泰浩;金凡俊;李民雄,剧情;爱情;同性,韩国,韩语,2017-10-13(釜山电影节);2017-11-02(韩国)
86,方形,鲁本・奥斯特伦德,鲁本・奥斯特伦德,克拉斯・邦;伊丽莎白・莫斯;多米尼克・威斯特;泰瑞・诺塔里;克里斯托弗・莱索;玛丽娜・希彭蔻,剧情,瑞典 / 德国 / 法国 / 丹麦,英语 / 瑞典语 / 丹麦语,2017-05-20(戛纳电影节);2017-08-25(瑞典)
87,芳华,冯小刚,严歌苓,黄轩;苗苗;钟楚曦;杨采钰;李晓峰;王天辰;王可如;隋源;张仁博;苏岩;张国立;赵立新,剧情;历史;战争,中国大陆,汉语普通话,2017-12-15(中国大陆);2017-09-07(多伦多电影节)
88,非凡任务,麦兆辉;潘耀明,庄文强,黄轩;段奕宏;郎月婷;祖锋;邢佳栋;王耀庆;王砚辉;丁勇岱;肖聪;李晓川;赵炳锐;代乐乐;陶海,剧情;动作;犯罪,中国大陆,汉语普通话,2017-03-31(中国大陆)
89,非正式特工,金德洙,金德洙,姜艺媛;韩彩雅;南宫珉;赵在允,喜剧;动作,韩国,韩语,2017-03-16(韩国)
90,菲利普船长,保罗・格林格拉斯,比利・雷;理查德・菲利普;斯蒂芬・泰尔利,汤姆・汉克斯;巴克德・阿巴蒂;巴哈德・阿布迪;法塞尔・阿迈德;马哈特・M・阿里;迈克尔・切鲁斯;克里・约翰逊;马克斯・马蒂尼;克里斯・马尔基;尤尔・瓦斯克斯;大卫・沃肖夫斯基,剧情;传记;犯罪;冒险,美国,英语 / 索马里语,2013-09-27(纽约电影节);2013-10-11(美国)
91,菲洛梅娜,斯蒂芬・弗雷斯,史蒂夫・库根;杰夫・波普;马丁・西克史密斯,朱迪・丹奇;史蒂夫・库根;苏菲・肯尼迪・克拉克;梅尔・温宁汉姆;芭芭拉・杰夫德;鲁斯・麦克卡比;皮特・赫尔曼;肖恩・马洪;安娜・麦克西维尔・马丁;米歇尔・费尔利;乌米・马萨库;夏莉・墨菲;凯特・弗利特伍德,剧情;同性;家庭;传记,英国 / 美国 / 法国,英语,2013-08-31(威尼斯电影节);2013-11-01(英国)
92,肥皂泡,东伸儿,东伸儿;乃南朝,林遣都;市原悦子;藤井美菜;相岛一之;绵引胜彦,剧情,日本,日语,2017-03-04(日本)
93,疯狂父母,布莱恩・泰勒,布莱恩・泰勒,尼古拉斯・凯奇;塞尔玛・布莱尔;安妮・文特斯;兰斯・亨利克森;约瑟夫・D・雷特曼;瑞秋・梅尔文;安吉・威尔莫特;奥利维亚・克劳希奇娅;洛雷娜・迪亚兹;扎克瑞・亚瑟;萨曼莎・莱摩尔;凯蒂・斯图尔特;乔治・格里菲斯;纳撒尼尔・赛兹莫尔;迈克尔・奇克;博昂内・戴维斯;克里斯汀・岱伊,惊悚;恐怖,美国,英语,2017-09-09(多伦多电影节);2018-01-19(美国)
94,疯狂之家,安德鲁・J・科恩,布兰登・奥布莱恩;安德鲁・J・科恩,威尔・法瑞尔;艾米・波勒;杰森・曼兹沃克斯;芮安・辛普金斯;尼克・克罗尔;艾莉森・托尔曼;罗布・许贝尔;克莉丝汀・奥夫利;杰茜・恩尼斯;罗里・斯卡沃;莱南・帕拉姆;塞德里克・亚伯勒;凯尔・金南;麦可拉・沃金丝;吉莲・韦格曼;史蒂夫・齐西斯;杰瑞米・雷纳;亚历珊德拉・达达里奥;安迪・巴克利;韦恩・费德曼;伊恩・罗伯茨;山姆・理查森;安德丽・萨维奇;兰道尔・朴;塞巴斯蒂安・马尼斯科;娜达莎・琪,喜剧,美国,英语,2017-06-30(美国)
95,冯梦龙传奇,高峰,郎云,阎维文;胡哲行;侯岩松;吴卫东;邱云鹤;郑昊;张继波;刘小宁,传记;历史;古装,中国大陆,汉语普通话,2017-06-30(中国大陆)
96,缝纫机乐队,大鹏,大鹏;苏彪,大鹏;乔杉;古力娜扎;李鸿其;韩童生;曲隽希;于谦;岳云鹏;王劲松;于洋;代乐乐;赵英俊;马大明;张一鸣;衣云鹤;曹然然;曹桐睿;宋小宝;刘小光;文松;宋晓峰;周冬雨;袁姗姗;宋茜;林志玲,喜剧;音乐,中国大陆,汉语普通话,2017-09-29(中国大陆)
97,佛罗里达乐园,肖恩・贝克,肖恩・贝克;克里斯・贝格齐,布鲁克琳・普林斯;布丽娅・维纳特;威廉・达福;克里斯托弗・里维拉;梅拉・穆德;瓦莱丽亚・科托;乔希・奥利沃;艾登・马利克;爱德华・帕根;卡赖伯・兰德里・琼斯;克里斯托・尼科尔・沃茨;桑迪・凯恩;吉姆・R・科曼;安德鲁・罗马诺;卡罗丽娜・格拉波瓦;特里・艾伦・琼斯;卡伦・卡拉古利安;邹时擎;祖普・卡塔纳;梅肯・布莱尔;卡尔・布拉德菲尔德,剧情;儿童,美国,英语,2017-05-22(戛纳电影节);2017-10-06(美国)
98,伏地魔：传人的起源,Gianmaria Pezzato,Gianmaria Pezzato,Stefano Rossi;Andrea Baglio;Aurora Moroni;Andrea Bonfanti;Gelsomina Bassetti;Daniele Decarli;Alessio Dalla Costa;Andrea Deanesi;Davide Ellena;Maddalena Orcali,奇幻;冒险,意大利,英语,2018-01-13(意大利)
99,浮生梦,罗杰・米歇尔,罗杰・米歇尔;达芙妮・杜穆里埃,山姆・克拉弗林;蕾切尔・薇兹;伊恩・格雷;荷丽黛・格兰杰;波佩・李・弗里尔;安德鲁・诺;安德鲁・哈维尔;薇琪・佩珀代因;凯瑟琳・皮尔斯;路易斯・苏克;哈莉・海因斯;阿提拉・G・凯雷克斯;奥斯汀・泰勒;崔斯特瑞姆・戴维斯;斯图尔特・戴维森;克里斯・加拉鲁斯;鲍比・斯科特・弗里曼;唐・惠斯坦斯;霍莉・苏海尔,剧情;爱情;悬疑,英国 / 美国,英语,2017-06-09(英国)
100,父子雄兵,袁卫东,苏亮;毛海青,大鹏;范伟;张天爱;乔杉;邬君梅;任达华;梁龙;马书良;柳岩,喜剧,中国大陆,汉语普通话,2017-07-21(中国大陆);2017-06-19(上海电影节)
101,复仇：一个爱情故事,约翰尼・马丁,约翰・曼凯维奇;乔伊思・卡罗尔・奥特兹;斯科特・温德豪泽,尼古拉斯・凯奇;安娜・哈彻森;特丽莎・贝特曼;黛博拉・卡拉・安格;唐・约翰逊;约书亚・米克尔;罗科・纽金特;乔・欧科特贝克;卡特・伯奇;夏琳・蒂尔顿;迪克兰・图莱尼;卡拉・弗劳尔斯;吉米・冈萨雷斯;科里・斯科特・艾伦;迈克・普涅夫斯基;凯蕾・里维拉;沙维尔・德克里;迈克尔・帕帕约翰,动作;惊悚,美国,英语,2017-03-27(英国);2017-09-15(美国网络)
102,复仇天使,娜塔莉・雷特,莉亚・麦肯德里克,弗朗西斯卡・伊斯特伍德;小克利夫顿・克林斯;迈克・韦尔奇;莉亚・麦肯德里克;彼得・瓦克;安德鲁・卡德威尔;大卫・苏利文;亚当・拉扎尔-怀特;戴维・哈;迈克・C・曼宁;马龙・杨,剧情;惊悚;犯罪,美国,英语,2017-03-13(西南偏南电影节);2017-10-13(美国)
103,钢之炼金术师,曾利文彦,曾利文彦;m本武史;荒川弘,山田凉介;本田翼;藤冈靛;佐藤隆太;大泉洋;松雪泰子;本乡奏多;莲佛美沙子;内山信二;石丸谦二郎;小日向文世;国村隼;夏菜,动作,日本,日语,2017-10-25(东京电影节);2017-12-01(日本)
104,哥哥太爱我了怎么办,河合勇人,松田裕子;夜神里奈,土屋太凤;片寄凉太;千叶雄大;草川拓弥;杉野遥亮;大野丝;江原由希子;神尾枫珠;森高爱;川津明日香;越智尤拉诺;近江谷太朗;井上裕介,剧情;喜剧,日本,日语,2017-06-30(日本)
105,哥斯拉：怪兽行星,静野孔文;濑下宽之,虚渊玄,|裕贵;宫野真守;诹访部顺一;花泽香菜;樱井孝宏;杉田智和,动作;科幻;动画,日本,日语,2017-11-17(日本)
106,歌声不绝,泰伦斯・马力克,泰伦斯・马力克,瑞恩・高斯林;鲁妮・玛拉;迈克尔・法斯宾德;娜塔莉・波特曼;凯特・布兰切特;霍利・亨特;贝纳尼丝・玛尔洛;方・基默;莉琦・李;奥利维亚・格雷斯・阿普尔盖特;戴娜・福尔肯伯里;琳达・伊蒙;洛安娜・斯蒂芬斯;克里斯汀・索耶・戴维斯;汤姆・斯图里奇;奥斯丁・阿梅里奥;伊基・波普;帕蒂・史密斯;约翰・莱顿;弗洛伦丝・威尔奇,剧情;音乐,美国,英语,2017-03-10(西南偏南电影节);2017-03-17(美国)
107,公牛历险记,卡洛斯・沙尔丹哈,罗伯特・L・贝尔德;蒂姆・费德勒尔;布拉德・科普兰;罗恩・伯奇;大卫・基德;唐・莱默;曼罗・里夫;罗伯特・劳森,约翰・塞纳;凯特・麦克金农;莉莉・戴;鲍比・坎纳瓦尔;安东尼・安德森;大卫・田纳特;吉娜・罗德里格兹;戴维德・迪格斯;加布里埃尔・伊格莱西亚斯;杰洛德・卡尔迈克;劳尔・埃斯帕扎;米格尔・安赫尔・西尔维斯特;弗卢拉・博格;莎莉・菲利普斯;波瑞斯・科乔;杰克・戈尔;杰特・尤尔根斯米尔;奈尔・迪亚兹;科林・H・墨菲;卡洛斯・沙尔丹哈;杰瑞米・西斯托;路易斯・卡洛斯・德拉・隆巴纳;胡安内斯;茱莉亚・斯卡帕・萨尔达尼亚;拉斐尔・斯卡帕・萨尔达尼亚;卡拉・马丁内斯;乔迪・卡巴勒罗;玛丽亚・佩拉莫尔;娜扎宁・霍马;安德烈亚斯・A・埃斯帕萨;詹姆斯・帕伦博;伯纳多・德・保拉;贝莉塔・莫里诺;蒂姆・诺德奎斯特;阿尔瓦罗・门多萨;卡洛斯・雷格-普拉扎;辛迪・斯拉特里;杰森・弗里基奥内;苏珊娜・巴列斯特罗斯;安娜・帕特丽夏・加梅斯,喜剧;动画;冒险,美国,英语,2018-01-19(中国大陆);2017-12-15(美国)
108,公园,濑田夏希,濑田夏希,桥本爱;永野芽郁;染谷将太;石桥静河;森冈龙;佐野史郎;湍玖崦;长尾宁音;黑田大辅;齐藤阳一郎,剧情;音乐,日本,日语,2017-04-22(日本)
109,攻壳机动队,鲁伯特・桑德斯,士郎正宗;杰米・莫斯;威廉・惠勒;伊伦・克鲁格,斯嘉丽・约翰逊;皮鲁・埃斯贝克;北野武;朱丽叶・比诺什;迈克尔・皮特;黄经汉;丹妮西娅・萨马尔;拉札勒斯・雷图勒;泉原N;托万达・马尼莫;彼得・费迪南多;安娜玛丽亚・玛琳卡;丹尼尔・亨绍尔;安德鲁・斯特林;桃井薰;查尔斯・欧比;福岛莉拉;约瑟夫・纳瓦胡;迈克尔・维克特,动作;科幻;犯罪,美国,英语 / 日语,2017-04-07(中国大陆);2017-03-29(法国);2017-03-31(美国)
110,宫合,洪昌杓,李素美,沈恩京;李N基;金相庆;延宇振;姜敏赫;崔宇植;赵福来;崔珉豪;朴善英;曹秀香;朴忠善;孙成灿;宋英才;李娜允;宋光元;朱多英;崔俊昊;姜伦制;李善彬;李龙女;朴智一;尹有善;李润健;崔玟秀;柳正浩;徐佑镇,剧情;喜剧;爱情;历史,韩国,韩语,2018-02-28(韩国)
111,怪奇秀,楚蒂・斯泰勒,帕特里克・J・克里夫顿;贝思・里戛齐奥;詹姆斯・圣詹姆斯,埃里克斯・劳瑟;阿比盖尔・布蕾斯琳;安娜索菲亚・罗伯;拉弗恩・考克斯;米奇・萨姆纳;薇拉・菲茨杰拉德;贝特・米德勒;伊恩・尼尔森;西利亚・维斯顿;克里斯托弗・迪伦・怀特;约翰・麦肯罗;迈克尔・帕克;拉里・派恩;桃乐丝・麦卡锡;夏洛特・阿本;埃迪・斯威哈特;迈克尔・温・古查多;奥利・哈斯基维;布列塔尼・安妮・伍德福特,剧情;喜剧;同性,美国,英语,2017-02-13(柏林电影节);2018-01-12(美国网络)
112,关原之战,原田真人,原田真人;司马辽太郎,冈田准一;役所广司;有村架纯;平岳大;东出昌大;北村有起哉;伊藤步;中岛书;音尾琢真;松角洋平;和田正人;木村绿子;泷藤贤一;中越典子;坛蜜;西冈德马;松山研一;磨赤儿;春海四方;堀部圭亮;三浦诚己,历史;战争,日本,日语,2017-08-26(日本)
113,光,河濑直美,河濑直美,永濑正敏;水崎绫女;藤龙也;神野三铃;小市慢太郎;小出早织;大V千弘;大西信满;堀内正美;白川和子,剧情,日本,日语,2017-05-23(戛纳电影节);2017-05-27(日本)
114,光灵,大卫・阿耶,马克斯・兰迪斯,威尔・史密斯;乔尔・埃哲顿;劳米・拉佩斯;埃德加・拉米雷兹;露西・弗莱;吴青芸;亚历克斯・梅拉兹;海皮・安德森;伊克・巴里霍尔兹;道恩・奥利弗瑞;马特・杰拉德;赵牡丹;约瑟夫・皮库伊罗;布拉德・威廉姆・亨克;杰伊・埃尔南德斯;恩里克・穆西安诺;斯嘉丽・斯宾塞;安德里亚・纳维多;鲍比・纳德利;卡洛斯・利纳雷斯;芭妮・里维拉,动作;犯罪;奇幻,美国,英语,2017-12-22(美国网络)
115,光芒渐逝的年代,马蒂・格肖内克,沃尔夫冈・科尔哈泽;欧根・鲁格,安吉拉・温科勒;布鲁诺・甘茨;亚历山大・费林;西尔维斯特・格罗特;皮特・布科夫斯基;叶夫根尼娅・冬妮娜;娜塔莉亚・别利茨基;施特凡・格罗斯曼;索斯藤・默滕;索菲・普芬尼斯托夫;加布里拉・玛利亚・施迈德;让・丹尼斯・罗默;希尔德加德・施梅尔;妮娜・安东诺娃;尤・波斯;罗纳德・库克利斯;莎里娜・拉多姆斯基,剧情,德国,德语 / 俄语,2017-02-16(柏林电影节);2017-06-01(德国)
116,鬼话怪谈・祥云寺,刘轩狄,崔走召,彭禺厶;陈玉勇,惊悚;恐怖,中国大陆,汉语普通话,2017-02-24(中国大陆)
117,海边的李尔,小林政广,小林政广,仲代达矢;黑木华;原田美枝子;小林薰;阿部宽,剧情,日本,日语,2017-06-03(日本)
118,海边的生与死,越川道夫,越川道夫;梯久美子;u尾敏雄,满岛光;永山绚斗;津嘉山正种;井之胁海;川濑阳太,剧情,日本,日语,2017-06-17(上海电影节);2017-07-29(日本)
119,海带,阚若涵,陆子轩,邓飞;刘r,喜剧;科幻,中国大陆,汉语普通话,2017-10-10(中国大陆)
120,海角有个五店市,张柏瑞,李小莹;张柏瑞;贾小静,王德顺;李纯;班杰;胡小玲,剧情;爱情,中国大陆,汉语普通话,2017-04-07(中国大陆)
121,海滩的一天,杨德昌,杨德昌;吴念真,张艾嘉;胡因梦;徐明;毛学维;左鸣翔;颜凤娇;吴少刚;梅芳;林瑞阳;南俊;小戽斗;于守仁;孙明珠;李淑桢;罗文诚;黄玉华;李梦麟;珍妮弗・奥尼尔;侯孝贤;陈坤厚;柯一正;陶德辰;万仁;曾壮祥;小野;许淑贞;段钟沂;吴念真 Nien-Jen Wu;李烈,剧情;爱情,台湾,汉语普通话 / 闽南话 / 日语 / 德语,1983;2017-07-14(台湾重映)
122,海滩游侠,赛斯・戈登,迈克尔・伯克;道格拉斯・施瓦兹;格雷戈里・J・博纳;杰・舒瑞克;大卫・隆恩;托马斯・列农;罗伯特・本・加兰特;达米安・香农;马克・斯威夫特,道恩・强森;扎克・埃夫隆;佩丽冉卡・曹帕拉;亚历珊德拉・达达里奥;凯莉・罗尔巴赫;伊芬什・哈德拉;乔恩・巴斯;叶海亚・阿卜杜勒-迈丁;汉尼拔・布勒斯;罗布・许贝尔;阿明・约瑟夫;杰克・凯西;奥斯卡・努内斯;大卫・哈塞尔霍夫;帕米拉・安德森;贝琳达,喜剧;动作,美国,英语,2017-05-12(台湾);2017-05-25(美国)
123,捍卫者,廖希;韩平,啸杨;却却;廖希,白恩;吕星辰;赫子铭;王璐;宋撼寰;杨俊生;小林成男;冯家妹;晓凡;陈俊杰;美浓轮泰史;刘骏焘,剧情;历史;战争,中国大陆,汉语普通话,2017-09-22(中国大陆);2017-06-22(上海电影节)
124,好时光,本・萨弗迪;约书亚・萨弗迪,罗纳德・布隆斯坦;约书亚・萨弗迪,罗伯特・帕丁森;本・萨弗迪;泰丽尔・韦伯斯特;詹妮弗・杰森・李;巴克德・阿巴蒂;内可罗;苏利芒・西尔・萨瓦内;菲尔・卡帕多拉;肖恩・雷伊;巴迪・杜瑞斯;马科斯・A・冈萨雷斯;克利夫・莫伊伦;埃德加・莫雷斯;卢卡斯・艾略特・艾博尔,剧情;犯罪,美国,英语,2017-05-25(戛纳电影节);2017-08-11(美国)
125,黑暗塔,尼科莱・阿尔赛,尼科莱・阿尔赛;阿齐瓦・高斯曼;杰夫・皮克纳;安诺斯・托马斯・延森;斯蒂芬・金,马修・麦康纳;伊德里斯・艾尔巴;汤姆・泰勒;丹尼斯・海斯伯特;本・加文;金秀贤;杰基・厄尔・哈利;弗兰・克朗茨;阿比・丽;凯瑟琳・温妮克;尼古拉斯・鲍林;迈克尔・巴尔别里;何塞・祖尼加;尼古拉斯・汉密尔顿;阿尔弗雷多・纳西索,动作;奇幻;冒险,美国,英语,2017-08-04(美国)
126,黑蝴蝶,布莱恩・古德曼,马克・弗里德曼;贾斯廷・斯坦利,安东尼奥・班德拉斯;乔纳森・莱斯・梅耶斯;派珀・佩拉博;阿贝尔・费拉拉;尼古拉斯・阿隆;娜塔丽・拉布蒂・戈麦斯;亚历山德拉・克利姆;娇娅・利巴尔多尼;兰德尔・保罗;凯蒂・麦戈文;提摩西・马丁,惊悚,美国,英语,2017-05-26(美国)
127,黑森灵,大卫・布鲁克纳,乔・巴顿;亚当・奈韦尔,拉菲・斯波;阿舍尔・阿里;罗伯・詹姆斯-克里尔;山姆・特劳顿;保罗・雷德;马修・尼达姆;雅各布・詹姆斯・贝西克;玛丽亚・厄沃尔特;希拉里・李维斯;彼得・利德尔;弗朗西丝卡・穆拉;克丽・麦克莱恩;赞恩・加库,惊悚;恐怖,英国,英语 / 瑞典语,2017-09-08(多伦多电影节);2017-10-13(英国)
128,黑夜造访,特里・爱德华・沙尔茨,特里・爱德华・沙尔茨,乔尔・埃哲顿;克里斯托弗・阿波特;卡门・艾乔戈;丽莉・克亚芙;小凯文・哈里森;格里芬・罗伯特・福克纳;大卫・彭德尔顿;米奇;蔡斯・乔利埃特;米克・奥罗克,悬疑;恐怖,美国,英语,2017-04-29(Overlook电影节);2017-06-09(美国)
129,黑子的篮球：最后的游戏,多田俊介,高木登;藤卷忠俊,小野贤章;小野友树;神谷浩史;诹访部顺一;小野大辅;木村良平;铃村健一;绿川光;稻田彻,动画;运动,日本,日语,2017-03-18(日本)
130,嗨翻姐妹行,马尔科姆・D・李,肯尼亚・巴里斯;崔茜・奥利弗;埃丽卡・里维诺亚,雷吉娜・赫尔;奎恩・拉提法;贾达・萍克・史密斯;蒂凡尼・哈迪斯;拉伦兹・泰特;麦克・柯尔特;凯特・沃什;科菲・斯里博伊;拉腊・格赖斯;黛博拉・艾里德;珍妮琳・海因斯;怀尔德・韦恩;珊妮・霍斯汀;尼克・瑟曼;瑞奇・韦恩,喜剧,美国,英语,2017-07-21(美国)
131,亨利之书,科林・特雷沃罗,格雷格・赫维兹,娜奥米・沃茨;杰顿・李博赫;雅各布・特伦布莱;萨拉・西尔弗曼;迪恩・诺里斯;李・佩斯;麦迪・齐格勒;托尼娅・皮金斯;鲍比・莫尼汉;杰拉尔丁・休斯;马克斯韦尔・锡姆金斯;杰克逊・尼科尔;唐奈塔・拉维尼亚・格雷斯;乔尔・加兰;沃斯・史蒂文斯,剧情;惊悚,美国,英语,2017-06-16(美国)
132,红衣小女孩2,程伟豪,简士耕,杨丞琳;许玮甯;高慧君;龙劭华;黄河;吴念轩;詹宛儒;林裔臻;林芷y;黄镫辉;刘引商,惊悚;恐怖,台湾,汉语普通话,2017-08-25(台湾)
133,花容月貌,弗朗索瓦・欧容,弗朗索瓦・欧容,玛丽恩・瓦科特;热拉尔丁娜・帕亚;弗雷德里克・皮耶罗;方丹・拉瓦特;约翰・雷森;夏洛特・兰普林;娜塔莉・理查德,剧情,法国,法语,2013-08-21(法国)
134,华盛顿邮报,史蒂文・斯皮尔伯格,丽兹・汉娜;乔希・辛格,梅丽尔・斯特里普;汤姆・汉克斯;莎拉・保罗森;鲍勃・奥登科克;崔西・莱茨;布莱德利・惠特福德;布鲁斯・格林伍德;马修・瑞斯;爱丽森・布里;凯莉・库恩;杰西・普莱蒙;大卫・克罗斯;扎克・伍兹;帕特・希利;约翰・鲁;里克・霍姆斯;菲利普・卡斯诺夫;杰茜・缪勒;斯塔克・桑德斯;迈克尔・西里尔・克赖顿;威尔・丹顿;迪尔德丽・罗夫乔;迈克尔・斯图巴,剧情;惊悚;传记;历史,美国,英语,2017-12-22(美国点映);2018-01-12(美国)
135,坏妈妈的圣诞节,乔恩・卢卡斯;斯科特・摩尔,乔恩・卢卡斯;斯科特・摩尔,米拉・库尼斯;克里斯汀・贝尔;凯瑟琳・哈恩;克里斯汀・芭伦斯基;苏珊・萨兰登;切瑞・海恩斯;杰伊・埃尔南德斯;贾斯汀・哈特雷;彼得・盖勒;乌娜・劳伦斯;恩杰伊・安东尼;莱尔・布罗卡托;婉妲・塞克丝;克里斯蒂娜・艾伯盖特;凯德・曼斯菲尔德・库克西;肯尼・基;帕特里克・R・沃克;库尔特・岳,喜剧,美国 / 中国大陆,英语,2017-11-01(美国)
136,环太平洋,吉尔莫・德尔・托罗,特拉维斯・比彻姆;吉尔莫・德尔・托罗,查理・汉纳姆;菊地凛子;伊德里斯・艾尔巴;查理・戴;朗・普尔曼;罗伯特・卡辛斯基;马克斯・马蒂尼;伯恩・戈曼;小克利夫顿・克林斯;芦田爱菜;迪亚哥・克莱特霍夫;希瑟・多克森;罗伯特・梅耶;刘智福;刘智满;刘智堂,动作;科幻;冒险,美国,英语 / 日语 / 粤语 / 汉语普通话 / 俄语,2013-07-31(中国大陆);2013-07-12(美国)
137,彗星来的那一夜,詹姆斯・沃德・布柯特,詹姆斯・沃德・布柯特;亚历克斯・马努吉安,艾米丽・芭尔多尼;莫瑞・史特林;尼古拉斯・布兰登;劳伦・斯卡法莉娅;伊丽莎白・格瑞斯;雨果・阿姆斯特朗;亚历克斯・马努吉安;劳伦・马赫,科幻;悬疑;惊悚,美国 / 英国,英语,2013-09-19(奇幻电影节);2014-08-06(美国)
138,婚宴桌牌19号,杰弗里・布里茨,杰弗里・布里茨;杰伊・杜普拉斯;马克・杜普拉斯,安娜・肯德里克;托尼・雷沃罗利;琼・斯奎布;莱娅・迈耶斯;查尔斯・格林;丽莎・库卓;克雷格・罗宾森;玛格・马丁戴尔;斯戴芬・莫昌特;卡洛斯・阿维尔斯;梅根・劳利斯;阿曼达・克鲁;杰・克拉茨;怀亚特・罗素;托马斯・康奎尔;安德鲁・达利;玛丽亚・泰耶尔;安迪・布利茨;贝琦・安・贝克;安迪・斯塔尔,剧情;喜剧,美国 / 芬兰,英语,2017-03-03(美国)
139,机动战士高达THE ORIGIN V 激战 鲁姆战役篇,安彦良和;今西隆志,隅g克之,池田秀一;潘惠美;三宅健太;古谷彻;浦山迅;银河万丈;柿原彻也;泽城美雪;大V明夫,剧情;科幻;动画;战争,日本,日语,2017-09-02(日本)
140,机器之血,张立嘉,张立嘉;崔斯韦;夏侯云姗,成龙;罗志祥;欧阳娜娜;夏侯云姗;卡兰・马尔韦;泰丝・哈乌布里奇;吉娜・卡拉诺,剧情;动作;科幻,中国大陆,汉语普通话,2017-12-22(中国大陆)
141,畸形屋,吉勒・巴盖特-布赫内,朱利安・费罗斯;蒂姆・罗斯・普赖斯;阿加莎・克里斯蒂;吉勒・巴盖特-布赫内,克里斯蒂娜・亨德里克斯;吉莲・安德森;霍纳・妮芙茜;格伦・克洛斯;马克斯・艾恩斯;斯蒂芬妮・马蒂尼;特伦斯・斯坦普;朱利安・山德斯;阿曼达・阿宾顿;克里斯蒂安・麦凯;罗杰・阿什顿-格里菲斯;约翰・赫夫南;普雷斯顿・尼曼;珍妮・加洛韦,剧情;悬疑;犯罪,英国,英语,2017-10-31(意大利);2017-11-21(英国)
142,极盗车神,埃德加・赖特,埃德加・赖特,安塞尔・艾尔高特;凯文・史派西;杰米・福克斯;乔恩・哈姆;艾莎・冈萨雷斯;莉莉・詹姆斯;乔・博恩瑟;米迦・霍华德;摩根・布朗;CJ・琼斯;斯凯・费雷拉;兰斯・帕默;哈德森・米克;薇薇安娜・查维斯;哈尔・怀特塞德;弗利;兰尼・琼;克莱・方特诺特;R・马科斯・泰勒;帕特里克・R・沃克;保罗・威廉姆斯;维布尔・弗利茨杰拉德,动作;音乐;犯罪,英国 / 美国,英语 / 美国手语,2017-08-25(中国大陆);2017-03-11(西南偏南电影节);2017-06-28(英国/美国)
143,极恶非道3,北野武,北野武,北野武;西田敏行;大森南朋;泷正则;松重丰;大杉涟;盐见三省;白龙;名高达男;光石研;原田泰造;池内博之;津田宽治;金田时男;中村育二;岸部一德,动作;犯罪,日本,日语 / 韩语 / 英语,2017-09-09(威尼斯电影节);2017-10-07(日本)
144,极寒之城,大卫・雷奇,库尔特・约恩斯塔德;安东尼・约翰逊;萨姆・哈特,查理兹・塞隆;詹姆斯・麦卡沃伊;埃迪・马森;约翰・古德曼;托比・琼斯;詹姆斯・福克纳;罗兰・默勒;索菲亚・波多拉;比尔・斯卡斯加德;山姆・哈格雷夫;约翰内斯・豪克尔・约翰内森;蒂尔・施威格;巴巴拉・苏科瓦;阿提拉・阿帕;马丁・安格鲍尔;莉莉・格斯勒,动作;悬疑;惊悚,美国 / 德国 / 瑞典,英语 / 德语 / 俄语 / 瑞典语,2017-03-12(西南偏南电影节);2017-07-28(美国)
145,极速风流,朗・霍华德,皮特・摩根,克里斯・海姆斯沃斯;丹尼尔・布鲁尔;奥利维亚・王尔德;亚历山德拉・玛丽亚・拉娜;娜塔莉・多默尔;汤姆・拉斯齐哈;约瑟芬・德・拉・波美;杰米・西弗斯;皮耶尔弗兰切斯科・法维诺;克里斯蒂安・麦凯;阿利斯泰・皮垂;丽贝卡・沃尔什;科林・斯廷顿,剧情;传记;运动,英国 / 美国 / 德国,英语 / 意大利语 / 德语 / 法语 / 西班牙语 / 日语,2015-12-11(中国大陆);2013-09-13(英国)
146,记忆大师,陈正道,任鹏;陈正道,黄渤;段奕宏;徐静蕾;杨子姗;梁杰理;许玮甯;王真儿;焦刚;张念骅;杜函梦;栾元晖;曹英睿,剧情;悬疑;惊悚;犯罪,中国大陆,汉语普通话,2017-04-28(中国大陆);2017-04-23(北京电影节)
147,记忆之夜,张恒准,张恒准,姜河那;金武烈;文成根;罗映姬;南明烈;李恩宇;郑灿菲;崔高;康辛久;安敏永;朴在荣;郑泽贤;裴成一;李淳元;边东俊;朴采益;权亨俊;金泰恩;申基禄;吴贤洙;朴敬贞;韩泰恩;赵韩娜;韩多恩;李成宇;李东镇;延济亨;刘仁秀;金贤莫;金贤昌;康克洙;李彰勋;林正民;全相珍;金珠黄;马贞弼;李熙成;李承勇,悬疑;惊悚,韩国,韩语,2017-11-29(韩国)
148,忌日快乐,克里斯托弗・兰登,斯科特・洛布德尔,杰西卡・罗德;伊瑟尔・布罗萨德;露比・莫迪恩;查尔斯・艾特肯;劳拉・克利夫顿;杰森・拜尔;罗布・梅洛;瑞秋・马休斯;拉姆齐・安德森;布雷迪・刘易斯;飞・武;泰内娅・因崔亚戈;布莱恩・克恩;卡瑞尔拉・史密斯;吉米・冈萨雷斯;比利・斯洛特;唐娜・杜普兰提尔;吉吉・埃内塔;林赛・G.史密斯;戴恩・罗兹;凯莱布・斯比尔亚兹;蜜西・雅格,喜剧;惊悚;恐怖,美国,英语,2018-02-02(中国大陆);2017-10-13(美国)
149,寂静中的惊奇,托德・海因斯,布赖恩・塞尔兹尼克,米丽桑特・西蒙德;奥克斯・费格雷;朱丽安・摩尔;艾米・哈格里夫斯;米歇尔・威廉姆斯;汤姆・诺南;科里・迈克尔・史密斯;詹姆斯・乌尔班尼亚克;达米安・杨;马科・查卡;摩根・特纳;海斯・威尔弗德,剧情,美国,英语,2017-05-18(戛纳电影节);2017-10-20(美国)
150,加勒比海盗5：死无对证,艾斯彭・山德伯格;乔阿吉姆・罗恩尼,特里・鲁西奥;泰德・艾略特;斯图尔特・贝亚蒂耶;杰夫・内桑森;杰・沃尔伯特,约翰尼・德普;哈维尔・巴登;杰弗里・拉什;布伦顿・思韦茨;卡雅・斯考达里奥;凯文・麦克纳利;格什菲・法拉哈尼;奥兰多・布鲁姆;凯拉・奈特莉;斯蒂芬・格拉汉姆;大卫・文翰;保罗・麦卡特尼;马丁・科勒巴;亚当・布朗;丹尼・基兰;马赫什・扎杜;胡安・卡洛斯・凡希多,动作;奇幻;冒险,美国,英语,2017-05-26(中国大陆/美国)
151,加州公路巡警,戴克斯・夏普德,戴克斯・夏普德,迈克尔・佩纳;戴克斯・夏普德;杰西卡・麦克娜美;亚当・布罗迪;瑞恩・汉森;克里斯汀・贝尔;文森特・多诺费奥;本・法尔科内;贾斯汀・查特文;罗莎・萨拉查;玛娅・鲁道夫;亚当・罗德里格兹;简・卡兹玛拉克;维达・茱拉;玛拉・马里尼,剧情;喜剧;动作,美国,英语,2017-03-24(美国)
152,嘉年华,文晏,文晏,文淇;周美君;史可;耿乐;刘威葳;彭静;王栎鑫;李梦男;蒋欣悦;陈竹N,剧情,中国大陆 / 法国,汉语普通话,2017-11-24(中国大陆);2017-09-07(威尼斯电影节)
153,坚强,大卫・戈登・格林,约翰・珀罗诺;杰夫・鲍曼;布雷特・韦特,杰克・吉伦哈尔;塔提阿娜・玛斯拉尼;米兰达・理查森;小理查德・莱恩;内森・里奇曼;莱尼・克拉克;帕蒂・奥尼尔;克兰西・布朗;凯特・菲茨杰拉德;丹尼・麦卡锡;弗兰西斯・肖;卡洛斯・山斯;米歇尔・福尔齐亚蒂;肖恩・麦吉尔克;凯伦・斯卡利亚,剧情;传记,美国,英语,2017-09-08(多伦多电影节);2017-09-22(美国)
154,缄默,邓肯・琼斯,邓肯・琼斯;迈克尔・罗伯特・约翰逊,亚历山大・斯卡斯加德;保罗・路德;贾斯汀・塞洛克斯;罗伯特・席安;谢妮布・萨利赫;罗伯特・卡辛斯基;多米尼克・莫纳汉;山姆・洛克威尔;丹尼尔・法瑟斯;诺埃尔・克拉克;弗洛伦丝・卡松巴;克斯腾・布劳克;安杰伊・布卢门菲尔德;尼基・兰伯恩;卡罗琳・彼得斯;劳拉・德波尔;马蒂・博斯泰特;杰尼斯・纽沃纳;安妮娜・沃尔特;尤金・鲍德尔,科幻;悬疑;惊悚,英国 / 德国,英语 / 德语,2018-02-23(美国)
155,鲛珠传,杨磊,张炭;徐照青;杨磊,王大陆;张天爱;任达华;盛冠森;王迅;赵健;刘俊孝;释彦能;胡兵;何穗;蒋璐霞;杜奕衡;周一围,喜剧;动作;爱情;奇幻,中国大陆 / 香港,汉语普通话,2017-08-11(中国大陆)
156,杰罗德游戏,迈克・弗拉纳根,迈克・弗拉纳根;杰夫・霍华德;斯蒂芬・金,卡拉・古奇诺;卡雷尔・斯特鲁基;布鲁斯・格林伍德;亨利・托马斯;基娅拉・奥利勒拉;凯特・西格尔;娜塔利・罗尔斯;汤姆・格林;斯图・库克森;格温德琳・穆兰巴;本・普罗斯基;乔恩・亚瑟;妮基亚・雷诺兹,惊悚;恐怖,美国,英语,2017-09-29(美国)
157,捷德奥特曼 剧场版：连接吧！心愿！！,坂本浩一,根元r三;安_高,滨田龙臣;山本千寻;长谷川真优;小泽雄太;本⑽菸佳;青柳尊哉;石黑英雄;小西克幸;三森铃子;潘惠美;浅沼晋太郎;宫野真守;绿川光;神谷浩史;关智一;入野自由;田中秀幸;池田昌子;西冈德马,动作;科幻;动画,日本,日语,2018-03-10(日本)
158,解冻,李受妍,李受妍,赵震雄;金大明;申久;宋永彰;李清娥,惊悚;犯罪,韩国,韩语,2017-03-01(韩国)
159,解忧杂货店,韩杰,宋啸;东野圭吾;孙思雨;朱思溢,王俊凯;迪丽热巴;董子健;李鸿其;董李无忧;成龙;秦昊;陈都灵;郝蕾;李梦;成泰;高华阳;潘斌龙;孟慧圆;孙小野,剧情;奇幻,中国大陆,汉语普通话,2017-12-29(中国大陆)
160,今天的吉良同学,川村泰v,中川千英子,中川大志;饭丰万理江;叶山奖之;平v奈;冈田浩晖;三浦理惠子;安田显;川上洋平;高桥茂雄,喜剧,日本,日语,2017-02-25(日本)
161,今晚打丧尸,卢炜麟,余咏良,张继聪;白只;万梓良;吴家丽;王敏奕;颜卓灵,喜剧;恐怖,香港,粤语,2017-06-29(香港)
162,金刚：骷髅岛,乔丹・沃格特-罗伯茨,麦克思・鲍伦斯坦;约翰・盖汀斯;丹・吉尔罗伊;德里克・康纳利,汤姆・希德勒斯顿;布丽・拉尔森;塞缪尔・杰克逊;约翰・古德曼;景甜;约翰・C・赖利;科里・霍金斯;约翰・奥提兹;托比・凯贝尔;杰森・米切尔;谢伊・惠格姆;托马斯・曼;尤金・科德罗;马克・埃文・杰克逊;威尔・布里顿;石原贵雅;理查德・詹金斯;艾琳・瑞秋;罗伯特・泰勒;詹姆斯・M.康纳;托马斯・米德蒂奇;布莱恩・萨卡;达特・樊;吴辛惠;贝丝・肯尼迪;泰瑞・诺塔里,动作;奇幻;冒险,美国 / 中国大陆 / 澳大利亚 / 加拿大,英语 / 越南语 / 日语,2017-03-24(中国大陆);2017-02-28(伦敦首映);2017-03-10(美国)
163,金刚狼3：殊死一战,詹姆斯・曼高德,詹姆斯・曼高德;迈克尔・格林;斯科特・弗兰克,休・杰克曼;帕特里克・斯图尔特;达芙妮・基恩;波伊德・霍布鲁克;斯戴芬・莫昌特;伊丽莎白・罗德里格斯;多丽丝・莫尔加多;理查德・E・格兰特;玛丽・佩顿・斯图尔特;伊利斯・尼尔;艾瑞琪・拉・塞拉;劳伦・格罗斯;胡安・贾斯帕;克日什托夫・索什斯基;萨博・班克森,剧情;动作;科幻,美国,英语 / 西班牙语,2017-03-03(中国大陆/美国);2017-02-17(柏林电影节);2017-05-16(黑白版)
164,金色梦乡,卢东硕,李海准;卢东硕;曹义锡?;伊坂幸太郎,姜栋元;韩孝周;金义城;金成钧;金大明;刘在明;白奉基;李俊赫;崔宇植;郑素敏;尹继尚;李尚熙;元贤俊;张勇福;朴根亚;郑亨锡;袁民奎;李杭娜;柳惠琳;车顺裴;徐光载;李|勇;廉惠兰;金裕贞,剧情;悬疑,韩国,韩语,2018-02-14(韩国)
165,京城81号2,钱人豪,谭广源;蔡骏;黄慧惠,张智霖;梅婷;钟欣潼;耿乐;邬君梅;王水林;陈冲;高捷;林雪;连凯;万国鹏;披拉・尼迪裴善官,剧情;悬疑;惊悚,中国大陆,汉语普通话,2017-07-06(中国大陆)
166,惊天解密,迈克尔・艾普特,皮特・欧布莱恩,劳米・拉佩斯;托妮・科莱特;奥兰多・布鲁姆;迈克尔・道格拉斯;约翰・马尔科维奇;阿克谢・库玛尔;艾蒙・汉道奇;菲利普・布罗迪;马修・马什;托辛・科尔;艾德蕾欧・艾德戴欧;杰西卡・布恩;布莱恩・卡斯佩;米迦勒・埃普;亚当・霍顿;李・尼古拉斯・哈里斯;罗非洛・迪格托勒;汤姆・里德;马哈姆・胡里,动作;悬疑;惊悚,英国 / 瑞士 / 捷克 / 美国,英语 / 达利语 / 德语,2017-09-22(中国大陆);2017-05-05(英国)
167,精灵宝可梦：就决定是你了,汤山邦彦,米村正二;田尻智,松本梨香;大谷育江;佐藤刊里;本乡奏多;古田新太;逢坂良太;林原惠美;三木真一郎;犬山犬子;山寺宏一;中川翔子,动画;奇幻;冒险,日本,日语,2017-07-15(日本)
168,敬畏,米歇尔・阿扎纳维西于斯,米歇尔・阿扎纳维西于斯;安妮・维亚泽姆斯基,路易・加瑞尔;斯塔西・马汀;贝热尼丝・贝乔;米沙・莱斯科特;格莱高利・嘉德波瓦;费利克斯・基赛勒;亚瑟・欧瑟;马克・弗赖兹;霍曼・顾皮勒;让-皮埃尔・莫基;圭多・卡普里诺,喜剧;爱情;传记,法国 / 意大利 / 缅甸,法语 / 英语 / 意大利语,2017-05-21(戛纳电影节);2017-09-13(法国)
169,酒吧,阿莱克斯・德・拉・伊格莱西亚,豪尔赫・格力加耶切瓦利亚;阿莱克斯・德・拉・伊格莱西亚,布兰卡・苏亚雷斯;马里奥・卡萨斯;卡门・马奇;塞康・德拉罗萨;杰米・奥多尼斯;特雷勒・帕维斯;华金・克莱门特;亚历杭德罗・亚旺达;苏・弗拉克,喜剧;惊悚;恐怖,西班牙 / 阿根廷,西班牙语,2017-02-15(柏林电影节);2017-03-24(西班牙)
170,酒会,莎莉・波特,莎莉・波特,基里安・墨菲;艾米莉・莫迪默;蒂莫西・斯波;派翠西娅・克拉克森;克里斯汀・斯科特・托马斯;切莉・琼斯;布鲁诺・甘茨,剧情;喜剧,英国,英语,2017-02-13(柏林电影节);2017-10-13(英国)
171,救僵清道夫,甄嗳;赵善恒,甄嗳;何永航;章╃,钱小豪;蔡瀚亿;林明祯;吴耀汉;邵音音;袁祥仁;赵学而;S奕晨;罗莽;曾志伟;詹瑞文;欧锦棠;赵善恒;谭杏蓝;李尚正;章╃;甄嗳;余达志;何永航,喜剧;恐怖,香港,粤语 / 汉语普通话,2017-03-16(香港)
172,巨额来电,彭顺,柳桦,陈学冬;张孝全;桂纶镁;蒋梦婕;姜超;张兆辉;陈欣健;何华超;雪村;谭凯,剧情;犯罪,中国大陆 / 香港,汉语普通话,2017-12-08(中国大陆)
173,绝密跟踪,曹义锡?;金丙书,曹义锡?;游乃海;欧健儿,薛耿求;郑雨盛;韩孝周;李俊昊;金秉玉;任达华;陈庆;卞耀汉,动作;犯罪,韩国,韩语,2014-09-16(中国大陆);2013-07-03(韩国)
174,绝世高手,卢正雨,卢正雨;赵英俊;冷旭阳;果晓丹,卢正雨;郭采洁;范伟;蔡国庆;陈冲;仓田保昭;孔连顺;黄龄;杨迪;柯达;艾伦;赵英俊;魏翔;汪聪;何蓝逗,喜剧;动作,中国大陆,汉语普通话,2017-07-07(中国大陆);2017-06-22(上海电影节)
175,军舰岛,柳N完,柳N完;申庆一,黄玟;苏志燮;宋仲基;李贞贤;李Z荣;金秀安;尹敬浩;白承哲;姜成澈;金仁宇;朴野性;郑满植;朴正范;金敏载,剧情;动作;历史,韩国,韩语,2017-07-26(韩国)
176,军犬麦克斯2：白宫英雄,布莱恩・莱温特,史蒂文・奥迪尔;谢尔登 莱提奇;鲍兹・亚金,卡洛斯;赞恩・奥斯丁;弗朗西斯卡・卡帕尔迪;洛奇林・莫罗;安德烈・卡瓦德斯;里斯・亚历山大;凯利・格泽尔;布拉德利・斯泰克尔;凯瑟琳・柯克帕特里克;布鲁斯・布莱恩;莎伦・克兰德尔;库蒂斯・伦姆;亚力山大・曼德拉;乔恩・内卡杰,剧情;冒险,美国,英语,2017-05-05(美国)
177,科洛弗悖论,朱利叶斯・约拿,奥伦・尤济尔;道格・郑,古古・姆巴塔-劳;大卫・奥伊罗;丹尼尔・布鲁尔;约翰・奥提兹;克里斯・奥多德;阿卡塞尔・亨涅;章子怡;伊丽莎白・德比茨基;罗杰・戴维斯;唐纳尔・罗格;苏珊・克莱尔;肯・奥林;西蒙・佩吉;格雷戈・格伦伯格,科幻;悬疑;惊悚,美国,英语 / 汉语普通话,2018-02-04(美国)
178,空白的13年,斋藤工,西条光敏;桥本广司,高桥一生;中川雅也;神野三铃;大西利空;松冈茉优;伊藤沙莉;村上淳;佐藤二朗;Y英雄;福士诚治;波冈一喜;蛭子能收;川濑阳太;金子统昭;斋藤工,剧情,日本,日语,2017-03-03(夕张电影节);2018-02-03(日本)
179,空难余波,艾略特・莱斯特,哈维尔・古隆,阿诺・施瓦辛格;玛姬・格蕾斯;斯科特・麦克纳里;凯文・席格斯;汉娜・韦尔;玛瑞安娜・克拉瓦诺;格伦・莫肖尔;马丁・唐文;拉里・苏利文;莫・麦克雷;洛根・弗莱;克里斯托弗・达尔加;迈克尔・洛瑞;泰德・威廉姆斯;朱达・纳尔逊,剧情;惊悚,美国,英语,2017-12-01(中国大陆);2017-04-07(美国)
180,空手道,杜汶泽,杜汶泽;李敏,邓丽欣;杜汶泽;仓田保昭;欧锦棠;陈静;柳俊江;卢觅雪;周志辉;司徒慧焯;陈淑庄;向柏荣;姜伟忠;梁柏坚;杨柳青;何慈茵;曾淑雅;蔡嘉燕;陈钰芸;刘皓岚;简志德;沙马信,剧情;运动,香港,粤语,2017-11-01(香港亚洲电影节)
181,空天猎,李晨,李晨;张力;刘毅;高岩;褚翔宇,李晨;范冰冰;王千源;李佳航;赵达;李晨浩;郭秤;叶浏;陆思宇;托马尔・奥兹;吴秀波;邓超;王学圻,剧情;动作;战争,中国大陆,汉语普通话,2017-09-29(中国大陆)
182,空之境界 未来福音,须藤友德,奈须きのこ,坂本真绫;铃村健一,剧情;动画;悬疑;惊悚;恐怖;犯罪;奇幻,日本,日语,2013/9/28
183,苦难的收获,乔治・曼多陆,理查德・巴钱斯基・胡佛;乔治・曼多陆,阿奈林・巴纳德;巴里・佩珀;马克斯・艾恩斯;特伦斯・斯坦普;萨曼莎・巴克斯;理查德・布雷克;汤姆・奥斯汀;凯茜・基拉・克拉克;塔梅尔・哈桑;露茜・布朗;尼古拉斯・阿隆;威廉・贝克;杰克・霍林顿;加里・奥利弗;理查德・阿什顿;爱德华・阿克鲁特;迈克尔・吉恩;维伦・巴比切夫;马尔科姆・弗里曼;奥斯塔普・斯图普卡,剧情;爱情;战争,加拿大,英语 / 俄语,2017-02-24(美国);2017-03-03(加拿大)
184,快乐结局,迈克尔・哈内克,迈克尔・哈内克,伊莎贝尔・于佩尔;让-路易・特兰蒂尼昂;马修・卡索维茨;芳汀・阿杜安;弗兰茨・罗戈夫斯基;劳拉・薇琳顿;奥拉利亚・佩蒂特;托比・琼斯;希尔・佩尔;哈萨姆・甘西;娜比哈・阿卡瑞;卓德・盖思特利;菲利普・杜・詹纳兰德;多米尼克・贝纳尔,剧情;家庭,法国 / 奥地利 / 德国,法语,2017-05-22(戛纳电影节);2017-10-04(法国)
185,狂热郁金香,贾斯汀・查德维克,黛博拉・莫盖茨;汤姆・斯托帕德,艾丽西亚・维坎德;戴恩・德哈恩;克里斯托弗・沃尔兹;杰克・奥康奈尔;朱迪・丹奇;荷丽黛・格兰杰;汤姆・霍兰德;马修・莫里森;凯文・麦克基德;道格拉斯・霍奇斯;乔安娜・斯坎伦;扎克・加利凡纳基斯;大卫・哈雷伍德;亚历山德拉・吉尔布雷斯;卡拉・迪瓦伊,剧情;爱情,美国 / 英国,英语,2017-07-13(丹麦);2017-09-01(美国)
186,狂兽,李子俊,李春晖,张晋;余文乐;文咏珊;吴樾;林家栋;太保;苏丽珊;曾国祥;灰熊;郑紫平;仓田保昭,剧情;动作;犯罪,香港 / 中国大陆,汉语普通话 / 粤语,2017-11-10(中国大陆)
187,窥镜,Dori Oskowitz,马修・怀尔德;杰瑞・拉普,尼古拉斯・凯奇;罗宾・汤尼,惊悚,美国,英语,2018-02-16(美国)
188,啦啦队之舞：女高中生用啦啦队舞蹈征服全美的真实故事,河合勇人,林民夫,广濑铃;中条彩未;山崎菜;富田望生;福原遥;新田真剑佑;柳百合菜;健太郎;南乃彩希;大原樱子;阳月华;木下隆行;安藤玉惠;绯田康人;古关安广;天海v希,喜剧;歌舞,日本,日语 / 英语,2017-03-11(日本)
189,蜡笔小新：宇宙人来袭,桥本昌和,桥本昌和;臼井仪人,矢岛晶子;A桥美纪;森川智之;兴o里美;泽城美雪;宫迫博之;萤原;志田未来,喜剧;动画;儿童;冒险,日本,日语,2017-04-15(日本)
190,辣手保姆,约瑟夫・麦克金提・尼彻,布莱恩・达菲尔德,犹大・刘易斯;萨玛拉・维文;罗比・阿美尔;汉娜・梅・李;贝拉・索恩;艾米丽・阿琳・林德;安德鲁・巴切勒;道格・海利;莱丝莉・比伯;肯・马里诺;塞缪尔・吉尔伯特;扎卡里・亚力山大・赖斯;多克・达厄姆;让・克劳德・卢耶;迈尔斯・J・哈维;克里斯・维尔德;卡尔・麦克道维尔;乔纳森・贝莱,喜剧;恐怖,美国,英语,2017-10-13(美国)
191,蓝精灵：寻找神秘村,凯利・阿斯博瑞,帕米拉・里本;斯泰西・哈曼;佩约,黛米・洛瓦托;雷恩・威尔森;乔・曼根尼罗;杰克・麦克布瑞尔;丹尼・朴迪;曼迪・帕廷金;迪・布拉雷・贝克尔;弗兰克・维尔克;米歇尔・罗德里格兹;艾丽・坎伯尔;朱莉娅・罗伯茨;阿芮尔・温特;梅根・崔娜;布雷特・马内尔;凯利・阿斯博瑞;杰克・约翰逊;加布里埃尔・伊格莱西亚斯;泰塔斯・伯吉斯;杰夫・唐纳姆;戈登・拉姆齐,喜剧;动画;奇幻;冒险,美国,英语,2017-04-21(中国大陆);2017-03-25(格鲁吉亚);2017-04-07(美国)
192,浪矢解忧杂货店,广木隆一,齐藤浩史;东野圭吾,山田凉介;村上虹郎;宽一郎;成海璃子;门胁麦;林遣都;铃木梨央;山下莉绪;手V通;中村治雄;c原圣人;小林薰;吉行和子;尾野真千子;西田敏行,剧情,日本,日语,2018-02-02(中国大陆);2017-09-23(日本)
193,老爸当家2,希恩・安德鲁斯,希恩・安德鲁斯;布莱恩・伯恩斯;约翰・莫里斯,威尔・法瑞尔;马克・沃尔伯格;梅尔・吉布森;约翰・利思戈;琳达・卡德里尼;亚历桑德拉・安布罗休;欧文・瓦卡罗;斯嘉丽・艾斯特维兹;迪迪・柯斯汀;约翰・塞纳;安德利娅・安德斯,喜剧,美国,英语,2017-11-10(美国)
194,老师！我可以喜欢你吗？,三木孝浩,河原和音;冈田磨里,生田斗真;广濑铃;龙星凉;森川葵;健太郎;中村伦也;比嘉爱未;八木亚希子;森本治行,剧情;爱情,日本,日语,2017-10-28(日本)
195,老幸运,约翰・卡洛・林奇,洛根・斯帕克斯;德拉戈・苏蒙佳,哈利・戴恩・斯坦通;大卫・林奇;朗・里维斯顿;小艾德・博格里;汤姆・斯凯里特;贝丝・格兰特;詹姆斯・达伦;巴里・沙巴卡・亨利;伊冯娜・赫夫;雨果・阿姆斯特朗;贝蒂拉・达马斯;安娜・梅塞德斯;艾米・克莱尔,剧情;喜剧,美国,英语 / 西班牙语,2017-03-11(西南偏南电影节);2017-09-29(美国)
196,老幺,马大允,贞美珍;尹弼俊,李原;郑满植;李絮;郑俊荣;金恩惠;李德京,喜剧;家庭,韩国,韩语,2017-02-15(韩国)
197,乐高DC超级英雄：闪电侠,伊桑・斯波尔丁,詹姆斯・克里格;杰瑞米・亚当斯,詹姆斯・阿诺德・泰勒;德怀特・舒尔茨;特罗伊・贝克;诺兰・诺斯;格蕾・德丽斯勒;卡里・佩顿;艾瑞克・鲍扎;汤姆・肯尼;菲尔・拉马;凯文・迈克尔・理查德森;凯特・米库奇;瓦内萨・马歇尔;迪・布拉雷・贝克尔;杰森・斯皮萨克;奥德丽・瓦西莱夫斯基,动作;科幻;动画,美国,英语,2018-02-13(美国)
198,乐高幻影忍者大电影,查理・宾;保罗・费舍尔;鲍勃・洛根,鲍勃・洛根;保罗・费舍尔;威廉・惠勒;汤姆・惠勒;贾里德・斯特恩;约翰・惠廷顿;希拉里・温斯顿;丹・哈格曼;凯文・哈格曼,成龙;戴夫・弗兰科;弗莱德・阿米森;库梅尔・南贾尼;迈克尔・佩纳;艾比・雅各布森;扎克・伍兹;大卫・布伦斯;贾斯汀・塞洛克斯;黄阿丽;查琳・易;奥立薇娅・玛恩;劳拉・奈特林格;兰道尔・朴;瑞塔;克里斯・哈德维克;迈克尔・斯特拉罕;罗宾・罗伯茨;吴恬敏;加勒特・埃尔金斯;托德・汉森;道格・尼古拉斯,喜剧;动作;动画;冒险,美国 / 丹麦,英语,2017-09-22(美国)
199,勒索风云,菲尔・沃尔肯,菲尔・沃尔肯,艾恩・贝利;贝瑟妮・乔伊・盖里奥迪;巴克德・阿巴蒂;丹尼・格洛弗;蒂姆・格里芬;毛里西奥・阿莱马尼;杰克・华莱士;马丽琳达・里维拉,剧情;动作;惊悚;犯罪;冒险,美国 / 波多黎各,英语,2017-05-16(美国DVD-蓝光发行)
200,雷神3：诸神黄昏,塔伊加・维迪提,埃里克・皮尔森;克雷格・凯尔;克里斯托弗・约斯特;斯坦・李;拉里・利伯;杰克・科比,克里斯・海姆斯沃斯;汤姆・希德勒斯顿;凯特・布兰切特;伊德里斯・艾尔巴;杰夫・高布伦;泰莎・汤普森;卡尔・厄本;马克・鲁弗洛;安东尼・霍普金斯;本尼迪克特・康伯巴奇;塔伊加・维迪提;瑞切尔・豪斯;克兰西・布朗;浅野忠信;雷・史蒂文森;扎克瑞・莱维;卢克・海姆斯沃斯;马特・达蒙;山姆・尼尔;夏洛特・尼克道;斯坦・李,动作;奇幻;冒险,美国,英语,2017-11-03(美国/中国大陆);2017-10-24(英国)
201,李雷和韩梅梅,杨永春,肖李任颐;杨永春;陈林;骆平,张子枫;张逸杰;成梓宁;李砚;常铖;王旭东;张诚航;苗皓钧;花希;马泽涵;应亦涵;朱子岩;李扬;郝平;王菁华;塞拉斯・列维・纽豪斯,剧情;喜剧;爱情,中国大陆,汉语普通话,2017-06-09(中国大陆)
202,恋爱禁止的世界,古泽健,吉田{里香,森川葵;北村匠海;佐藤宽太;德井义实;浅川梨奈,爱情,日本,日语,2017-10-14(日本)
203,猎杀星期一,托米・维尔科拉,麦克斯・博特金;凯丽・威廉逊,劳米・拉佩斯;格伦・克洛斯;威廉・达福;马尔万・肯扎里;克里斯蒂安・鲁贝克;帕尔・斯维尔・哈根;托米瓦・埃敦;凯西・克莱尔;卡梅伦・杰克;柯尔斯蒂・阿弗顿;维加・霍尔;马达林・德拉甘;斯蒂格・弗洛德・亨里克森;亚历山大・阮;拉腊・德坎罗;玛丽・埃弗雷特;桑地亚哥・卡布瑞拉,科幻;惊悚,英国 / 美国 / 法国 / 比利时,英语,2017-08-06(洛迦诺电影节);2017-08-18(英国)
204,灵魂摆渡・黄泉,巨兴茂,小吉祥天,于毅;何花;王瑞昌;岳丽娜;倪虹洁;巨兴茂;鲁佳妮,悬疑;惊悚;奇幻,中国大陆,汉语普通话,2018-02-01(中国大陆)
205,灵蚀,帕科・普拉萨,费尔南多・纳瓦罗;帕科・普拉萨,桑德拉・埃斯卡塞纳;布鲁纳・冈萨雷斯;克劳蒂亚・普莱瑟;伊凡・查韦罗;安娜・托伦特;康斯薇洛・特鲁希略;安吉拉・费比安;卡拉・坎普拉,恐怖,西班牙,西班牙语,2017-08-25(西班牙)
206,灵异空间,涅尔斯・阿登・欧普勒夫,本・雷普利;彼得・费拉迪,艾伦・佩吉;迭戈・卢纳;妮娜・杜波夫;詹姆斯・诺顿;科雷西・克莱门斯;基弗・萨瑟兰;麦迪逊・布里奇斯;雅各布・索利;安娜・阿尔丁;米格尔・安东尼;珍妮・雷文;博・米尔乔夫;夏洛特・麦金尼;温蒂・拉奎尔・罗宾逊;史蒂夫・拜尔斯;泰勒・海涅斯,剧情;科幻;惊悚,美国,英语,2017-09-29(美国)
207,流感,金成洙,金成洙,张赫;秀爱;朴敏荷;柳海真;李熙俊;车仁表;朴孝朱;李相烨;马东锡,剧情;惊悚;灾难,韩国,韩语 / 英语 / 印度尼西亚语,2013-08-14(韩国)
208,六人晚餐,李远,梅峰;张巳阳,窦骁;张钧甯;邬君梅;吴刚;赵立新;俞灏明;尹馨梓;姜尘;崔文璐;陈欢;胡晴云;陈威旭;郝宣凯;李雨诺,剧情;爱情,中国大陆,汉语普通话,2017-06-16(中国大陆)
209,龙之战,高峰,邢原平;陈文贵,刘佩琦;曹云金;罗昱j;李子雄,动作;历史;战争,中国大陆,汉语普通话 / 法语,2017-08-04(中国大陆)
210,陋室,斯图尔特・哈泽尔丁,约翰・福斯克;安德鲁・兰纳姆;德斯汀・克里顿;威廉・P・杨;韦恩・雅克布森;布拉德・卡明斯,萨姆・沃辛顿;奥克塔维亚・斯宾瑟;蒂姆・麦格罗;拉达・米切尔;梅根・查彭提尔;盖奇・芒罗;艾米莉亚・伊芙;亚伯拉罕・阿维夫・亚录许;松原苏米乐;艾莉丝・布拉加;格雷厄姆・格林;瑞安・罗宾斯;乔玎・艾希礼・奥尔森;劳拉・麦基洛普;艾米莉・霍尔姆斯;坦娅・哈伯德;卡森・罗姆;克里斯・布里顿;莱恩・爱德华兹;肯德尔・克洛斯;杰伊・布拉泽奥,剧情;奇幻,美国,英语,2017-03-03(美国);2017-05-12(台湾)
211,罗曼先生，你好,丹・吉尔罗伊,丹・吉尔罗伊,丹泽尔・华盛顿;科林・法瑞尔;卡门・艾乔戈;雪莱・亨尼格;纳齐恩・康特拉科特;托尼・普拉纳;布瑞塔妮・石桥;佩吉・瓦哈达特;詹姆斯・帕克顿;阿曼达・沃伦;安德鲁・T・李;尼尔斯・菲奇,剧情;犯罪,美国,英语,2017-09-10(多伦多电影节);2017-11-22(美国)
212,麻烦家族,黄磊,黄磊;山田洋次;平松惠美子,黄磊;海清;王迅;李立群;孙莉;魏大勋;张伟欣;任容萱;何炅;岳云鹏;孟非;闫妮;英达,喜剧;家庭,中国大陆,汉语普通话,2017-05-11(中国大陆)
213,马柔本宅秘事,塞尔希奥・G・桑切斯,塞尔希奥・G・桑切斯,乔治・麦凯;安雅・泰勒-乔伊;查理・希顿;米娅・高斯;马修・斯塔格;妮可拉・哈里森;凯尔・索列尔;汤姆・费舍尔;玛拉・凯瑟琳・皮尔斯;保罗・杰森;罗伯特・奈尔恩;劳拉・布鲁克,剧情;惊悚;恐怖,西班牙,英语,2017-09-11(多伦多电影节);2017-10-27(西班牙)
214,马斯顿教授与神奇女侠,安吉拉・罗宾森,安吉拉・罗宾森,卢克・伊万斯;丽贝卡・豪尔;贝拉・希思科特;康妮・布里登;莫妮卡・乔达诺;约翰・约瑟夫・菲尔德;克里斯・康罗伊;奥利弗・普莱特;玛吉・卡斯特;阿莱克斯・哈维斯;莎伦・库珀;阿莉・加莱拉尼;克里斯托弗・乔恩・贡博什,剧情;爱情;同性;传记,美国,英语,2017-09-09(多伦多电影节);2017-10-13(美国)
215,马戏之王,迈克尔・格雷西,珍妮・比克;比尔・康顿,休・杰克曼;米歇尔・威廉姆斯;扎克・埃夫隆;赞达亚;丽贝卡・弗格森;奥丝汀・约翰森;卡梅伦・丝蕾;基拉・塞特尔;萨姆・汉弗莱;叶海亚・阿卜杜勒-迈丁;埃里克・安德森;伊利斯・鲁宾;斯凯勒・杜恩;丹尼尔・埃维里奇;拉杜・斯平格尔;小森优作;丹尼尔・松;保罗・斯帕克斯;威尔・斯文森,剧情;歌舞;传记,美国,英语,2018-02-01(中国大陆);2017-12-20(美国)
216,马歇尔,雷吉纳・哈德林,雅各布・科斯考夫;迈克尔・卡斯卡夫,查德维克・博斯曼;乔什・加德;凯特・哈德森;斯特林・K・布朗;丹・史蒂文斯;詹姆斯・克伦威尔;凯沙・夏普;罗杰・格午埃文・史密斯;德里克・巴斯金;巴莱特・道斯;扎内特・沙德威克;约翰・马加罗;阿娜・欧蕾利;朱西・斯莫利特;洛佐达・奇利・托马斯;安德拉・戴;杰里米・博布;杰弗里・德曼;玛瑞娜・斯奎尔西亚提;索菲亚・布什;艾德・朱厄特,剧情;传记,美国,英语,2017-10-13(美国)
217,迈耶罗维茨的故事,诺亚・鲍姆巴赫,诺亚・鲍姆巴赫,亚当・桑德勒;艾玛・汤普森;本・斯蒂勒;格蕾丝・范・帕滕;达斯汀・霍夫曼;伊丽莎白・玛维尔;坎迪斯・伯根;丹尼尔・弗莱厄蒂;丽贝卡・米勒;杰瑞德・桑德勒;琳・莱妮;张欣迪;沙基纳・贾弗里;米奇・萨姆纳;亚当・德赖弗;安娜贝尔・德克斯特-琼斯,剧情;喜剧;家庭,美国,英语,2017-05-21(戛纳电影节);2017-10-13(美国)
218,盲・道,李杨,李杨,李杨;杜函梦;于越;胡明,剧情;犯罪,中国大陆,汉语普通话,2018-02-02(中国大陆);2017-04-22(北京电影节)
219,猫咪后院之家,藏方政俊,永森裕二,伊藤淳史;忽那汐里;户田昌宏;大久保佳代子;田口智朗;木村多江;青户浩香,剧情,日本,日语,2017-04-08(日本)
220,梅格雷的十字路口之夜,莎拉・哈丁,斯图尔特・哈考特;乔治・西默农,罗温・艾金森;凯瑟琳・坎特;罗宾・威弗;婉妲・奥普琳斯卡;汤姆・拉斯齐哈;米娅・杰克森;本・卡普兰;艾丹・麦克阿德尔;肖恩・丁沃;李奥・斯塔;凯文・麦克纳利;斯蒂芬・怀特;马克・希普;保罗・查希迪;乔克・锡布廷;露西・科乎,剧情;悬疑;犯罪,英国,英语,2017-04-16(英国)
221,每分钟120击,罗宾・坎皮略,罗宾・坎皮略;菲利普・芒朱,纳威尔・佩雷兹・毕斯卡亚特;阿诺德・瓦卢瓦;阿黛拉・哈内尔;安托万・赖纳茨;阿里尔・博伦斯坦;费利克斯・马利陶德;阿罗伊斯・索维奇;西蒙・博尔加德;梅迪・图尔;西蒙・古拉;科拉莉・吕西耶;凯瑟琳・维纳提尔;莎迪娅・本太耶布;让-弗朗索瓦・奥古斯特;塞缪尔・丘林,剧情;同性,法国,法语,2017-05-20(戛纳电影节);2017-08-23(法国)
222,美国刺客,迈克尔・科斯塔,史蒂芬・希夫;迈克尔・芬奇;爱德华・兹威克;马歇尔・赫斯科维兹;文斯・弗林,迪伦・奥布莱恩;迈克尔・基顿;泰勒・克奇;桑娜・莱瑟;希娃・尼加;斯科特・阿金斯;特雷弗・怀特;穆罕默德・巴克里;夏洛特・维嘉;巴斯特・雷维斯;杰夫・戴维斯;大卫・苏切;迈克尔・怀德曼;纳维德・内加班;悉德妮・怀特;阿拉・萨菲,动作;惊悚,美国 / 香港,英语 / 意大利语 / 阿拉伯语 / 波兰语 / 土耳其语 / 波斯语,2017-09-15(美国)
223,美国行动,道格・里曼,加里・斯皮内利,汤姆・克鲁斯;萨拉・赖特;多姆纳尔・格里森;杰西・普莱蒙;卡赖伯・兰德里・琼斯;罗拉・科克;杰玛・梅斯;康纳・特里内尔;本尼托・马丁内斯;艾普尔・比尔林斯利;杰德・瑞斯;斯蒂芬・考特尔;罗伯特・普拉尔戈;E・罗杰・米切尔;贾斯蒂斯・利克;莎朗・莫里斯;罗伯特・法里奥尔;亚历杭德罗・埃达,喜剧;动作;传记;犯罪,美国,英语 / 西班牙语,2018(中国大陆);2017-08-18(台湾);2017-09-29(美国)
224,美好的意外,何蔚庭,哈智超;周佳琳,桂纶镁;王景春;欧阳娜娜;王元也;陈坤,喜剧;奇幻,中国大陆,汉语普通话,2017-06-02(中国大陆)
225,美丽之星,吉田大八,三岛由纪夫;吉田大八,中川雅也;龟梨和也;桥本爱;中岛朋子;佐佐木藏之介,剧情;科幻,日本,日语,2017-05-26(日本)
226,美女与野兽,比尔・康顿,斯蒂芬・卓博斯基;埃文・斯彼里奥托普洛斯;琳达・伍尔芙顿;珍妮-玛丽・勒普兰斯・德博蒙,艾玛・沃森;丹・史蒂文斯;卢克・伊万斯;凯文・克莱恩;乔什・加德;伊万・麦克格雷格;伊恩・麦克莱恩;艾玛・汤普森;斯坦利・图齐;古古・姆巴塔-劳;奥德拉・麦克唐纳;内森・麦克;哈蒂・莫拉汉;迈克尔・吉普森;水野索诺娅;亨利・加勒特;戴尔・布兰斯顿,爱情;歌舞;奇幻,美国,英语,2017-03-17(中国大陆/美国)
227,美容针,黄美娜,黄美娜,闫妮;杜天皓;宋伊人;赵毅新;张亦驰;宗晓军,喜剧;爱情,中国大陆,汉语普通话,2017-05-19(中国大陆)
228,魅影缝匠,保罗・托马斯・安德森,保罗・托马斯・安德森,丹尼尔・戴-刘易斯;薇姬・克里普斯;莱丝利・曼维尔;卡米拉・拉瑟福德;吉娜・麦基;布莱恩・格里森;哈里特・桑塞姆・哈里斯;理查德・格拉翰;西拉斯・卡森;朱莉娅・戴维斯;简・佩里,剧情;爱情,美国 / 英国,英语 / 法语,2017-12-25(美国点映);2018-01-19(美国)
229,梦回少年时,黄超,张君实;李天宇,王贤;景乐,爱情;同性;奇幻,中国大陆,汉语普通话,2017-04-22(中国大陆)
230,迷镇凶案,乔治・克鲁尼,乔尔・科恩;伊桑・科恩;乔治・克鲁尼;格兰特・赫斯洛夫,马特・达蒙;朱丽安・摩尔;奥斯卡・伊萨克;诺亚・尤佩;托尼・埃斯皮诺萨;格伦・弗莱施勒;梅根・弗格森;杰克・康利;迈克尔・D・科恩;黛安・德恩;盖里・巴萨拉巴;斯蒂夫・蒙罗埃;阿历克斯・哈赛尔;利斯・M・伯克;克里麦・威斯特博克;霍普・班克斯;罗伯特・皮尔斯;文斯・切法卢;达什・威廉姆斯;加文・怀尔德;兰登・戈登;蒂姆・聂夫;马拉・费尔克拉夫;艾米丽・高斯;艾瑞克・奥德,喜剧;悬疑;犯罪,美国 / 英国,英语,2018-01-12(中国大陆);2017-09-02(威尼斯电影节);2017-10-27(美国)
231,谜巢,金波・兰道,金波・兰道;保罗・斯特海利,李冰冰;凯南・鲁兹;吴尊;凯尔希・格兰莫;斯黛芬・道森;瑞恩・约翰逊;肖恩・雅克博森;杰森・庄;蒂姆・德莱克斯,动作;冒险,中国大陆 / 澳大利亚,英语,2018-01-19(中国大陆)
232,秘果,连奕琦,饶雪漫,陈飞宇;欧阳娜娜;邹元清;张诚航;欧豪;米咪;咏梅;曹卫宇;张瑶,爱情,中国大陆,汉语普通话,2017-07-07(中国大陆)
233,密战,钟少雄,张炭,郭富城;赵丽颖;张翰;任达华;张蓝心;朱一龙;于晓光;刘h心;奚美娟;寇振海;由立平;安亚平;孙耀威;曹操;李滨;涂黎曼;艾如,剧情;动作;战争,中国大陆,汉语普通话 / 英语,2017-11-03(中国大陆)
234,喵星人,陈木胜,陈木胜,古天乐;马丽;刘楚恬;黄星~;阮兆祥;诗雅;蔡一智;蔡一杰,喜剧;儿童;奇幻,香港,汉语普通话 / 粤语,2017-07-14(中国大陆)
235,名侦探柯南：唐红的恋歌,静野孔文,大仓崇裕;青山刚昌,高山南;山崎和佳奈;小山力也;堀川亮;宫村优子;绪方贤一;岩居由希子;高木涉;大谷育江;林原惠美;宫川大辅;吉冈里帆;雪野五月,动画;悬疑,日本,日语,2017-04-15(日本)
236,明月几时有,许鞍华,何冀平,周迅;彭于晏;霍建华;叶德娴;郭涛;春夏;黄志忠;蒋雯丽;梁家辉;王菀之;吕良伟;鲍起静;李灿森;梁文道;张兆辉;冯淬帆;苑琼丹;唐宁;卢巧音;许鞍华;永濑正敏;森田凉花;廖骏雄;何华超;蔡瀚亿;欧锦棠;熊欣欣;吴岱融,剧情;历史;战争,中国大陆 / 香港,汉语普通话,2017-07-01(中国大陆);2017-06-18(上海电影节)
237,摩天轮,伍迪・艾伦,伍迪・艾伦,凯特・温丝莱特;贾斯汀・汀布莱克;詹姆斯・贝鲁什;朱诺・坦普尔;马克斯・凯塞拉;杰克・戈尔;大卫・克鲁霍尔特兹;罗伯特・C・柯克;汤米・诺伊利;托尼・西里科;史蒂夫・斯基里帕;约翰・多马尼安;汤姆・盖里;格雷戈瑞・丹恩;鲍比・斯雷顿;迈克尔・泽加斯基;吉内瓦・卡尔;艾德・朱厄特;黛比・玛扎;达尼埃尔・费兰;麦迪・科尔曼;雅各布・伯杰;珍娜・斯特恩;迈克尔・斯特里亚诺;约翰・麦尼尔利,剧情,美国,英语,2017-10-14(纽约电影节);2017-12-01(美国)
238,魔游纪1：盘古之心,回宇,左籽;杨海涛;李聪丛,卢宇静;于磊;余浩瑞;崔璨;阳蕾;郑欣雨;李彩瑞,剧情;动作;奇幻;冒险;古装,中国大陆,汉语普通话,2017-03-17(中国大陆)
239,末日重启,提姆・斯密特,查理・科丁歌;奥米德・诺辛,丹・史蒂文斯;贝纳尼丝・玛尔洛;麦克・鲁斯;巴斯・凯杰泽;泰格・格南德特;吉斯・舒尔腾・范・艾查特;查丽蒂・维克菲尔德;卡斯帕・范・格里森;麦克・利伯农,动作;科幻,荷兰 / 德国 / 美国,英语,2017-12-01(中国大陆);2017-05-17(菲律宾);2017-06-16(美国)
240,茉莉牌局,艾伦・索金,艾伦・索金;茉莉・布鲁姆,杰西卡・查斯坦;伊德里斯・艾尔巴;凯文・科斯特纳;迈克尔・塞拉;杰瑞米・斯特朗;克里斯・奥多德;J.C.麦肯泽;布莱恩・达西・詹姆斯;比尔・坎普;格雷厄姆・格林;贾斯汀・柯克;安格拉・戈茨;娜塔莉・科瑞尔;斯蒂芬妮・赫菲尔德;麦迪逊・麦金利;乔・基瑞;迈克尔・卡斯洛夫;克莱尔・兰金;乔恩・巴斯;萨曼莎・伊斯莱尔;马修・德斯里普;杰克博・布莱尔;克里斯・博伊尔;瑞秋・斯盖顿;摩根・大卫・琼斯,剧情;传记,美国 / 中国大陆 / 加拿大,英语,2017-09-08(多伦多电影节);2018-01-05(美国)
241,某一天,李胤基,李胤基,金南佶;千禹熙;盛骏;金正贤;林华映;白桑熙;全余琳;郑顺元;李美素,剧情;奇幻,韩国,韩语,2017-04-05(韩国)
242,母女大战,乔纳森・莱文,凯迪・迪波德,艾米・舒默;歌蒂・韩;伊克・巴里霍尔兹;瑞雯・古德温;兰道尔・朴;婉妲・塞克丝;琼・库萨克;奥斯卡・贾恩那达;克里斯托弗・米洛尼;吉姆・卡拉梅尔勒;凯迪・迪波德;丹尼尔・贝斯;汤姆・巴特曼;卡洛斯・迪亚兹;阿图罗・卡斯特罗;汤姆・蔡,喜剧,美国,英语 / 西班牙语,2017-05-12(美国)
243,母亲！,达伦・阿伦诺夫斯基,达伦・阿伦诺夫斯基,詹妮弗・劳伦斯;哈维尔・巴登;艾德・哈里斯;米歇尔・菲佛;布莱恩・格里森;多姆纳尔・格里森;约翰・艾德坡;阿曼达・赵;帕特丽夏・萨默塞特;埃里克・戴维斯;拉斐尔・格罗斯-哈维;埃米丽・汉普希尔;亚伯拉罕・阿罗诺夫斯基;路易斯・奥利瓦;斯蒂芬妮・吴;克里斯托弗・加廷;史蒂芬・麦克哈蒂;亚瑟・霍尔顿;克里斯汀・韦格,剧情;悬疑;惊悚,美国,英语,2017-09-05(威尼斯电影节);2017-09-15(美国)
244,牡丹花下,索菲亚・科波拉,索菲亚・科波拉;托马斯・卡利南;艾伯特・马尔茨;艾琳・坎普,科林・法瑞尔;妮可・基德曼;克斯汀・邓斯特;艾丽・范宁;乌娜・劳伦斯;安格瑞・赖斯;艾蒂森・里克;艾玛・霍华德;韦恩・佩雷;马特・斯托里,剧情,美国,英语 / 法语,2017-05-24(戛纳电影节);2017-06-30(美国)
245,木星之卫,凯内尔・穆德卢佐,凯内尔・穆德卢佐;卡塔・韦伯,梅拉布・尼尼泽;Zsombor Jéger;乔治・切豪尔米;莫妮卡・巴尔赛;法里德・拉尔比;列文特・奥尔班;佐尔丹・穆奇;塔马斯・萨博・基梅尔;詹・托盖;莱文特・特尔克伊;彼得・豪曼;安德拉斯・巴林特;山大・特赫斯;塔马斯・珀咖,剧情;科幻,匈牙利 / 德国,匈牙利语,2017-05-19(戛纳电影节);2017-06-08(匈牙利)
246,目击者之追凶,程伟豪,程伟豪;陈昱俐;陈彦齐,庄凯勋;许玮甯;柯佳;李铭顺;李淳;陈彦允;郑志伟;汤志伟;卜国耕,悬疑;惊悚;犯罪,台湾,汉语普通话 / 闽南语,2017-03-31(台湾);2017-06-21(上海电影节)
247,那就是我的世界,崔成贤,崔成贤,李秉宪;朴正民;尹汝贞;韩智敏;金成铃;崔莉;黄锡晶;文淑;白书怡;李周英;张海恩;朴智勋;柳正浩;孙德基;金炳春;洪锡然;朴晌勋;车明旭;金瑞元,剧情,韩国,韩语,2018-01-17(韩国)
248,那年八岁,杨瑾,林和平,罗京民;杜俊豪;邱林;吕亚萍;焦妮,剧情;儿童,中国大陆,汉语普通话,2017-11-13(中国大陆)
249,那些爱人,阿扎泽・雅各布斯,阿扎泽・雅各布斯,德博拉・温格;崔西・莱茨;艾丹・吉伦;梅罗拉・沃特斯;泰勒・罗斯;杰西卡・苏拉;莱斯莉・费拉;韦恩・阿隆・斯科特;凡妮莎・克里斯泰勒,喜剧;爱情,美国,英语,2017-04-22(翠贝卡电影节);2017-05-05(美国)
250,奶酪陷阱,金帝荣,金帝荣,朴海镇;吴涟序;刘仁英;朴基雄;吴钟赫;文知允;朴山多拉,爱情;惊悚,韩国 / 中国大陆,韩语,2018-03-14(韩国)
251,男孩与世界,阿莱・阿布鲁,阿莱・阿布鲁,阿莱・阿布鲁;马尔科・奥雷利奥・坎波斯;维尼修斯・加西亚;卢・奥尔塔;费利佩・齐尔泽,剧情;动画,巴西,无对白,2013-09-20(渥太华动画电影节);2014-01-17(巴西)
252,南汉山城,黄东赫,黄东赫,金允石;李秉宪;朴海日;高修;朴熙顺;赵宇镇;李大为;金;许成泰,剧情;历史;战争,韩国,韩语,2017-10-03(韩国)
253,南极之恋,吴有音,吴有音,赵又廷;杨子姗,爱情;冒险,中国大陆,汉语普通话,2018-02-01(中国大陆)
254,难以忘怀,丹尼斯・蒂诺威,克里斯蒂娜・霍德森;大卫・约翰逊,罗莎里奥・道森;凯瑟琳・海格尔;吉欧夫・斯图兹;伊莎贝拉・瑞思;阿莱克斯・奎加诺;莎拉・伯恩斯;惠特妮・卡明;西蒙・卡斯安德斯;罗伯特・维斯多姆;切瑞・拉德;斯蒂芬妮・艾斯卡杰达;金凯德・沃克;艾琳・伊拉斯玛;杰森・布莱尔;劳伦・萝丝・刘易斯;罗宾・哈迪;米奇・席尔帕;亚历克斯・斯达格斯;斯科特・比纳,剧情;惊悚,美国,英语,2017-04-21(美国)
255,难以置信,乔纳森・贝克,克洛伊・金,尼古拉斯・凯奇;吉娜・格申;妮基・韦兰;费・唐纳薇;娜塔利・伊娃・玛丽;乔纳森・贝克;杰姆斯・范・帕滕;泰勒・乔恩・奥尔森;丽雅・许布纳;科莉・丹尼利;佩妮莱・绰居尕德;威廉・威利特;埃莱・巴德汉;亨特・博丁;哈萝・博塔里尼,剧情;惊悚,加拿大,英语,2017-06-30(美国)
256,你好布拉德,麦克・怀特,麦克・怀特,本・斯蒂勒;奥斯汀・艾布拉姆斯;珍娜・费舍;麦克・辛;杰梅奈・克莱门特;卢克・威尔逊;莎兹・拉亚;路易莎・李;麦克・怀特;泽维尔・佩雷斯・格罗贝;亚当・卡布里奥罗;费利西亚・舒尔曼;简・惠勒;沙维尔・索特洛;吉米・坎摩尔,剧情;喜剧;音乐,美国,英语,2017-09-09(多伦多电影节);2017-09-15(美国)
257,逆时营救,尹鸿承,四酱,杨幂;霍建华;金士杰;刘畅;张艺瀚;王俐丹,动作;科幻,中国大陆,汉语普通话,2017-06-29(中国大陆);2017-06-19(上海电影节)
258,念力,延尚昊,延尚昊,柳承龙;沈恩京;朴正民;郑有美;金敏载;艺秀晶;郑Q;金英善;李延;金度允;太恒浩;康相元;尹智旭;乐M;金基天;函倜;高娜熙;李正恩;李承勇;禹正;姜德重,剧情;喜剧;奇幻,韩国,韩语,2018-01-31(韩国)
259,女生宿舍,???,,,剧情;情色,韩国,韩语,2017-05-11(韩国)
260,欧布奥特曼：请借给我纽带的力量！,田口清隆,中野贵雄,石黑英雄;松浦雅;高桥直人;练r弘晃;青柳尊哉;柳泽慎吾;椿鬼奴;高桥健介;森次晃嗣;山寺宏一;欧塔克;太田博久;齐藤慎二;中村悠一;根岸拓哉;宇治清高;宫野真守;工藤大辉;花村想太;平泽宏宏路;诹访太朗,动作;科幻,日本,日语,2017-03-11(日本)
261,帕丁顿熊2,保罗・金,保罗・金;迈克尔・邦德;西蒙・法纳比,本・卫肖;休・格兰特;休・博纳维尔;莎莉・霍金斯;萨缪尔・乔斯林;马德琳・哈里斯;朱丽・沃特斯;布莱丹・格里森;吉姆・布劳德本特;艾美达・斯丹顿;彼得・卡帕尔迪;艾琳・阿特金斯;汤姆・康蒂;本・米勒;诺亚・泰勒;理查德・艾欧阿德,喜剧;动画;家庭,英国 / 法国 / 美国,英语,2017-12-08(中国大陆);2017-11-10(英国)
262,叛狱无间,罗贤,罗贤,韩石圭;金来沅;金成钧;姜信日;赵在允;申成禄,动作;犯罪,韩国,韩语,2017-03-23(韩国)
263,骗子,张昌原,张昌原,玄彬;刘智泰;朴圣雄;裴晟v;崔德门;林珍娜;安世河;许成泰;柳圣贤;崔日华;金萄;廉东宪;郑东奎;崔宏一;金子英;周锡泰;郑敏圣;韩哲宇;全宪泰;李载求;柳正浩;孙炳旭;郑镇荣;车顺裴;吴泰京;陈善圭,剧情;犯罪,韩国,韩语,2017-11-22(韩国)
264,破・局,连奕琦,林宇辰;于尚民,郭富城;王千源;刘涛;余皑磊;冯嘉怡;郑凯,动作;犯罪,中国大陆,汉语普通话,2017-08-17(中国大陆)
265,朴烈,李F益,黄成求,李帝勋;白秀章;权律;闵镇雄;崔嬉序;裴济基;金仁宇;金俊汉;武田裕光,剧情;动作;传记,韩国,韩语,2017-06-29(韩国)
266,普通人,金凤汉,曹塞缪尔,孙贤周;张赫;罗美兰;赵达焕;金相浩;孙秉浩;吴妍儿;周锡泰;朴智一;池承炫,剧情;动作;犯罪,韩国,韩语,2017-03-23(韩国)
267,七十七天,赵汉唐,赵汉唐;曹金玲;高正;周侯衡;李逍雪,江一燕;赵汉唐,剧情;冒险,中国大陆,汉语普通话,2017-11-03(中国大陆)
268,欺诈圣手,巴瑞・莱文森,黛安娜・亨利奎斯;萨姆・李文森;塞缪尔・鲍姆;约翰・伯纳姆・施瓦茨,罗伯特・德尼罗;米歇尔・菲佛;汉克・阿扎利亚;克里斯汀・康奈利;亚历桑德罗・尼沃拉;莉莉・拉贝;内森・达罗;凯瑟琳・纳杜奇;凯利・奥科;迈克尔・A.戈尔杰;克莱姆・张;迈克尔・卡斯洛夫;波特兰・赫尔米奇;阿曼达・沃伦;杰弗里・坎特尔;马尔塔・米兰斯;马科・查卡;索菲・冯・海索博格;斯蒂芬・考特尔,剧情;传记;历史;犯罪,美国,英语,2017-05-20(美国)
269,齐天大圣・万妖之城,项秋良;项河生,项秋良;项河生,陈浩民;林子聪;范梦;赵东昊;王洪千;李佳颖;骆应钧;李平安,奇幻;冒险;古装,中国大陆,汉语普通话,2018-03-02(中国大陆)
270,奇迹男孩,斯蒂芬・卓博斯基,斯蒂芬・卓博斯基;斯蒂夫・康拉德;杰克・索恩;R・J・帕拉西奥,雅各布・特伦布莱;朱莉娅・罗伯茨;伊扎贝拉・维多维奇;欧文・威尔逊;诺亚・尤佩;丹妮尔・罗丝・拉塞尔;纳吉・杰特;戴维德・迪格斯;曼迪・帕廷金;布莱斯・吉扎尔;艾尔・麦金农;泰・孔西利奥;詹姆斯・休斯;凯尔・布瑞特科夫;米莉・戴维斯;莉娅・朱厄特;凯琳・布瑞特科夫;利亚姆・迪金森;艾玛・特伦布莱;马克・多兹劳;鲁奇娅・伯纳德;J・道格拉斯・斯图瓦特;阿里・利伯特;埃丽卡・麦基特里克;本杰明・拉特纳;杰森・麦金农;索尼娅・布拉加;吉洁特,剧情;家庭;儿童,美国 / 香港,英语,2018-01-19(中国大陆);2017-11-17(美国)
271,奇门遁甲,袁和平,徐克;魏君子;杨秉佳;许少飞,大鹏;倪妮;李治廷;周冬雨;伍佰;柳岩;许明虎;杨一威;谢苗;孙明明;黄晓明,动作;奇幻,中国大陆 / 香港,汉语普通话,2017-12-14(中国大陆)
272,起风了,宫崎骏,宫崎骏,庵野秀明;泷本美织;西岛秀俊;西村雅彦;史蒂夫・阿尔珀特;风间杜夫;竹下景子;志田未来;国村隼;大竹忍;野村万斋,剧情;爱情;动画;传记,日本,日语 / 法语 / 德语,2013-07-20(日本)
273,起跑线,萨基特・乔杜里,萨基特・乔杜里;琪娜特・拉克哈尼;阿米托什・纳格庖,伊尔凡・可汗;萨巴・卡玛尔;内哈・迪胡皮阿;迪帕克・迪布里亚尔;蒂希塔・塞加尔;阿莫瑞塔・金格;蒂洛塔玛・索姆;桑贾娜・桑吉;拉什・沙玛;桑贾伊・萨里;玛丽卡・杜阿;基兰・寇杰;丹尼・苏拉;斯沃蒂・达斯;苏米特・古拉蒂,剧情;喜剧,印度,印地语 / 英语,2018-04-04(中国大陆);2017-05-19(印度)
274,前任3：再见前任,田羽生,田羽生;游非;大宽;大广,韩庚;郑恺;于文文;曾梦雪;罗米,喜剧;爱情,中国大陆,汉语普通话,2017-12-29(中国大陆)
275,潜伏2,温子仁,雷・沃纳尔;温子仁,帕特里克・威尔森;萝丝・拜恩;泰・辛普金斯;林・沙烨;芭芭拉・赫希;斯蒂芬・考特尔;雷・沃纳尔;安格斯・桑普森;安德鲁・阿斯特;汉克・哈里斯;乔赛琳・唐娜休;琳赛・塞姆;丹尼尔・比苏蒂;泰勒・格里芬;加雷特・瑞安,惊悚;恐怖,美国,英语,2013-09-13(美国)
276,潜伏4：锁命亡灵,亚当・罗比特尔,雷・沃纳尔,林・沙烨;雷・沃纳尔;安格斯・桑普森;柯克・埃斯沃多;凯特琳・杰拉德;史宾塞・洛克;乔什・斯图沃特;特莎・费勒;阿勒奎・里德;艾娃・寇克尔;皮尔斯・波普;布鲁斯・戴维森;哈维尔・博泰特;马库斯・亨德森;阿曼达・亚罗斯,惊悚;恐怖,美国 / 加拿大,英语,2018-01-05(美国)
277,强尼凯克,黄熙,黄熙,柯宇纶;瑞玛席丹;黄远;黄韵玲;唐治平;张国柱;高捷,剧情,台湾,汉语普通话,2017-07-01(台北电影节);2017-07-23(FIRST青年影展);2017-11-21(台北金马影展);2017-12-15(台湾)
278,墙里的声音,艾瑞克・D・豪威尔,西尔维奥・拉福;安德鲁・肖,艾米莉亚・克拉克;马尔顿・索克斯;卡特琳娜・莫里诺;凯特・林德尔;丽莎・佳丝托妮;雷莫・吉罗内;爱德华・德林;吉皮耶罗・朱迪卡;妮科尔・卡德达;安东内拉・布里蒂,剧情;悬疑;惊悚,美国 / 意大利,英语,2017-04-28(美国)
279,青禾男高,蒋卓原,蒋卓原,景甜;欧豪;黑木美沙;林遣都;张宁江;尹P;周游;丁冠森;夏恩;姜宗远;中岛广稀;刘德凯;荫山征彦;木幡龙;李方丁;大谷主水;清水泰地;蔡玮伦;潘怡安;木地雅茂,剧情,中国大陆 / 台湾,汉语普通话 / 日语,2017-07-12(中国大陆)
280,青年警察,金周焕,金周焕,朴叙俊;姜河那;朴河宣;成东日;裴侑蓝;高俊,喜剧;动作;犯罪,韩国,韩语,2017-08-09(韩国)
281,清醒梦,金俊诚,金俊诚,高修;薛耿求;朴有天;姜惠贞;朴仁焕;千虎珍;全石浩;李石;李诗雅,科幻;惊悚,韩国,韩语,2017-02-22(韩国)
282,丘吉尔,乔纳森・泰普兹,阿丽克斯・冯・藤泽尔曼,布莱恩・考克斯;米兰达・理查森;约翰・斯拉特里;艾拉・珀内尔;朱利安・沃德姆;理查德・杜登;詹姆斯・鲍弗;丹尼・韦伯;乔纳森・阿里斯;乔治・安东;史蒂芬・克里;安吉拉・科斯特洛;彼得・奥蒙德;罗南・科尔基;凯文・芬德利,剧情;惊悚;传记,英国,英语,2017-05-25(德国);2017-06-02(美国);2017-06-16(英国)
283,蚯蚓,尹学烈,金严昊;尹学律,金正均;吴艺雪,剧情;犯罪,韩国,韩语,2017-04-20(韩国)
284,权力的游戏：征服与反抗,,乔治・马丁;戴维・贝尼奥夫;D・B・威斯,尼古拉・科斯特-瓦尔道;皮鲁・埃斯贝克;苏菲・特纳;艾丹・吉伦;哈里・劳埃德;康勒斯・希尔,剧情;动画,美国,英语,2017-12-14(美国)
285,全民目击,非行,非行,孙红雷;余男;郭富城;邓家佳;赵立新;佟丽娅;倪虹洁;陈思诚;周韦彤;廖晓琴;谭松韵;丁子烁,剧情;悬疑;犯罪,中国大陆,汉语普通话,2013-09-13(中国大陆)
286,全球风暴,迪安・德夫林,迪安・德夫林;保罗・盖特,杰拉德・巴特勒;吉姆・斯特吉斯;艾比・考尼什;亚历山德拉・玛丽亚・拉娜;吴彦祖;欧赫尼奥・德尔维斯;阿马尔・维克德;阿德普波・奥杜耶;安迪・加西亚;艾德・哈里斯;罗伯特・席安;理查德・希夫;梅尔・温宁汉姆;莎姬・贝兹;特丽莎・贝特曼,动作;科幻;灾难,美国,英语,2017-10-27(中国大陆);2017-10-20(美国)
287,热血街区电影版2：天空尽头,久保茂昭;中茎强,平沼纪久;渡x;福田昌平;上条大辅,岩田刚典;登坂广臣;田崎敬浩;黑木启司;洼田正孝;山田裕贵;林遣都;小林直己,动作,日本,日语,2017-08-19(日本)
288,忍之国,中村义洋,和田龙,大野智;石原里美;铃木亮平;知念侑李;田雄司;平v奈;满岛真之介;绪方义博;古关安广;立川谈春;国村隼;伊势谷友介,喜剧;动作;战争,日本,日语,2017-06-21(上海电影节);2017-07-01(日本)
289,如父如子,是枝裕和,是枝裕和,福山雅治;尾野真千子;真木阳子;中川雅也;风吹淳;国村隼;树木希林;夏八木勋;井浦新;二宫庆多;黄升炫,剧情;家庭,日本,日语,2013-09-28(日本)
290,如何成为拉丁情人,肯・马里诺,克里斯・西班;乔恩・扎克,欧赫尼奥・德尔维斯;萨尔玛・海耶克;罗伯・劳;克里斯汀・贝尔;拉斐尔・亚历杭德罗;迈克尔・塞拉;罗伯・考德瑞;麦肯娜・格瑞丝;罗布・许贝尔;罗伯・里格尔;拉蔻儿・薇芝;琳达・拉文;奥马尔・查帕罗;蕾妮・泰勒;瓦迪尔・德尔贝斯,喜剧,美国,英语 / 西班牙语,2017-04-28(美国)
291,赛车总动员3：极速挑战,布莱恩・菲,布莱恩・菲;本・奎因;伊尔・波戴尔;乔纳森・E・斯图尔特;基尔・默里;鲍勃・彼德森;迈克・里奇,欧文・威尔逊;克里斯黛拉・阿朗索;克里斯・库珀;内森・菲利安;王牌接线员拉里;艾米・汉莫;雷・马格利奥齐;托尼・夏尔赫布;邦尼・亨特;丽亚・德拉利亚;凯丽・华盛顿;鲍勃・科斯塔斯;玛格・马丁戴尔;达雷尔・沃尔特里普;小伊塞亚・维特洛克;保罗・杜利;凯瑟琳・海蒙德;切奇・马林,喜剧;动画;冒险,美国,英语,2017-08-25(中国大陆);2017-06-16(美国)
292,赛尔号大电影6：圣者无敌,王章俊,王章俊;邓磊,罗玉婷;翟巍;王晓彤;孙晔,喜剧;动画;儿童;奇幻;冒险,中国大陆,汉语普通话,2017-08-18(中国大陆)
293,三个老枪手,扎克・布拉夫,西奥多・梅尔菲;爱德华・坎农,迈克尔・凯恩;摩根・弗里曼;艾伦・阿金;乔伊・金;安-玛格丽特;克里斯托弗・洛伊德;彼得・塞拉菲诺威茨;马特・狄龙;玛丽亚・迪齐亚;希博汗・法隆;约翰・奥提兹;基南・汤普森;凯特琳・卡尔森;乔什・帕斯;南希・卡斯特罗,喜剧;犯罪,美国,英语,2017-04-07(美国)
294,三块广告牌,马丁・麦克唐纳,马丁・麦克唐纳,弗兰西斯・麦克多蒙德;伍迪・哈里森;山姆・洛克威尔;艾比・考尼什;卢卡斯・赫奇斯;彼特・丁拉基;约翰・浩克斯;卡赖伯・兰德里・琼斯;凯瑟琳・纽顿;凯瑞・康顿;泽利科・伊万内克;萨玛拉・维文;克拉克・彼得斯;尼克・西塞;阿曼达・沃伦;玛拉雅・瑞沃拉・德鲁;布兰登・萨克斯顿;迈克尔・艾伦・米利甘,剧情;犯罪,英国 / 美国,英语,2018-03-02(中国大陆);2017-09-04(威尼斯电影节);2017-12-01(美国)
295,三生三世十里桃花,赵小丁;安东尼・拉默里纳拉,李晗;刘晗;麦灵;张亚亮;唐七,刘亦菲;杨洋;罗晋;严屹宽;李纯;顾璇;陈佩斯;彭子苏;张贺茗;王羽铮;塔拉,爱情;奇幻,中国大陆,汉语普通话,2017-08-03(中国大陆)
296,散步的侵略者,黑泽清,黑泽清;田中幸子;前川知大,长泽雅美;松田龙平;高杉真宙;恒松v里;长谷川博己;前田敦子;满岛真之介;儿岛一哉;光石研;东出昌大;小泉今日子;G野高史,剧情;科幻,日本,日语,2017-05-21(戛纳电影节);2017-09-09(日本)
297,桑迪・韦克斯勒,史蒂文・布里尔,亚当・桑德勒;保罗・萨多;丹・布拉,亚当・桑德勒;詹妮弗・哈德森;凯文・詹姆斯;柯林・奎恩;尼克・斯旺森;杰姬・桑德勒;泰瑞・克鲁斯;罗伯・施奈德;拉蒙尼・莫里斯;亚伦・内维尔;简・西摩;桑迪・韦尼克;路易斯・古兹曼;莎蒂・桑德勒;珊妮・桑德勒,喜剧,美国,英语,2017-04-14(美国)
298,杀戮本性,特伦特・海伽,特伦特・海伽;布赖恩・史密斯,马修・格雷・古柏勒;安娜琳・麦考德;艾丽莎・伯;希拉・凡德;山姆・艾德森;迈克尔・比斯利;詹姆斯・摩西・布莱克;大卫・马尔登那多;阿杰・梅赫塔;哈莉・格雷斯・布拉德利;露西・浮士德;彼得・詹梅斯;埃里克・波德纳尔;凯莉・康诺利,喜剧;爱情;惊悚;犯罪,美国,英语,2017-03-11(西南偏南电影节);2017-08-04(美国)
299,杀破狼・贪狼,叶伟信,梁礼彦,古天乐;吴樾;托尼・贾;林家栋;克里斯・柯林斯;郑雪儿;卢惠光;蔡洁;陈汉娜;维他亚・潘斯林加姆;Sompob Benjathikul;Siraphan Wattanajinda,剧情;动作,香港 / 中国大陆,粤语,2017-08-17(中国大陆);2017-08-25(香港)
300,杀人优越权,朴勋政,朴勋政,张东健;金明民;朴熙顺;李钟硕;赵宇镇;郑雨琳;安德烈亚斯・弗龙克;李喜元;朱进模;朴圣雄,动作;犯罪,韩国,韩语,2017-08-23(韩国)
301,杀人者的记忆法,元新渊,黄祖润;元新渊;金英夏,薛耿求;金南佶;金雪炫;吴达洙;蔡国熙;郑仁谦;申基俊;申邻雅;黄锡晶;吉海妍,剧情;悬疑;惊悚;犯罪,韩国,韩语,2017-09-07(韩国)
302,杀手的祷告,乔纳森・莫斯托,保罗・莱顿;凯文・威格纳尔,萨姆・沃辛顿;奥德娅・拉什;艾伦・里奇;马丁・康普斯顿;薇洛妮卡・恩切圭;艾米・兰德克;卡蒂亚・博科尔;迪恩・S・贾格尔;萨米拉・罗克;山姆・库林沃思;克劳迪娅・特鲁希略;玛丽亚・李・梅耶丁汉姆;埃琳娜・桑兹;詹姆斯・科斯塔斯;理查德・道格拉斯;马特罗・鲁菲诺,动作;惊悚,美国 / 西班牙 / 德国,英语 / 德语 / 法语,2017-05-10(美国)
303,沙堡,费尔南多・科英布拉,克里斯・罗斯纳,亨利・卡维尔;汤米・弗拉纳根;尼古拉斯・霍尔特;罗根・马歇尔-格林;格伦・鲍威尔;博・纳普;小尼尔・布朗;萨姆・斯普卢尔;纳维德・内加班;帕克・索耶;冈萨洛・门内德斯;萨米・谢伊克;纳比勒・埃卢比;齐亚德・阿巴扎;索佩・迪瑞苏;尼古拉斯・雅各布;奥赛・伊克希尔,剧情;战争,美国,英语 / 德语,2017-04-21(美国)
304,山田孝之3D,松江哲明;山下敦弘,,山田孝之;芦田爱菜,剧情;喜剧,日本,日语,2017-06-16(日本)
305,闪光少女,王冉,鲍鲸鲸,徐璐;彭昱畅;刘泳希;鲁照华;韩忠羽;李诺;骆明;陈雨锶;乐思宏;崔可法;陆建艺;陈奕迅;汤甄;闫妮;耿乐,喜剧;音乐,中国大陆,汉语普通话,2017-07-20(中国大陆);2017-06-18(上海电影节)
306,少年泰坦：犹大契约,刘山姆,厄尼・阿特巴克,斯图尔特・艾伦;杰克・T・奥斯汀;泰莎・法米加;肖恩・马希尔;克里斯蒂娜・里奇;布兰登・司徒;凯瑞・华格伦;米盖尔・弗尔;格雷格・亨利;玛丽亚・卡纳尔斯-巴雷拉;梅格・福斯特;克里斯平・弗里曼;大卫・卡耶;凯文・史密斯,动作;动画,美国,英语,2017-03-31(阿纳海姆-WonderCon);2017-04-04;2017-04-18
307,神秘家族,朴裕焕,朴裕焕,林依晨;姜武;陈晓;惠英红;蓝正龙;安琥;张岫云;楼学贤;郭耀仁;王道南;马国华;陈万号;张哲豪;林柔君;刘芷凌;杜知晨,剧情;悬疑;犯罪,中国大陆 / 台湾 / 韩国,汉语普通话,2017-04-21(中国大陆)
308,神秘巨星,阿德瓦・香登,阿德瓦・香登,塞伊拉・沃西;梅・维贾;阿米尔・汗;拉杰・阿晶;提斯・沙马;卡比尔・谢赫;法如克・贾法尔;马努杰・沙玛;莫娜・安伯加卡尔;尼基塔・阿南德;尚;莫纳利・塔库尔,剧情;音乐,印度,印地语 / 英语,2018-01-19(中国大陆);2017-10-18(印度)
309,神奇女侠,派蒂・杰金斯,艾伦・海因伯格;扎克・施奈德;贾森・福克斯;威廉・马斯顿,盖尔・加朵;克里斯・派恩;康妮・尼尔森;罗宾・怀特;丹尼・赫斯顿;大卫・休里斯;萨伊德・塔格马奥;艾文・布莱纳;尤金・布雷弗・洛克;露茜・戴维斯;埃伦娜・安纳亚;莉莉・阿斯佩尔;艾米丽・凯里;丽莎・洛文・孔斯利;安・奥戈博莫;杜晨・科洛斯,动作;奇幻;冒险,美国,英语,2017-06-02(中国大陆/美国);2017-05-30(香港/台湾)
310,神探狗笨吉,布兰登・坎普,布兰登・坎普;乔・坎普,加布里埃尔・贝特曼;达比・坎普;基拉・桑切斯;格拉伦・布莱恩特・班克斯;威尔・罗斯海尔;安格斯・桑普森;杰罗德・海恩斯;莱西・坎普;吉姆・格里森;布雷迪・佩蒙特;汤姆・普罗克特,剧情,美国,英语,2018-03-16(美国)
311,神偷联盟,史蒂文・索德伯格,丽贝卡・布朗特,查宁・塔图姆;丹尼尔・克雷格;亚当・德赖弗;丽莉・克亚芙;希拉里・斯万克;凯瑟琳・沃特斯顿;大卫・丹曼;杰克・奎德;布莱恩・格里森;吉姆・奥希尔;法拉・麦肯齐;布登・约翰斯顿;萨顿・约翰斯顿;塞巴斯蒂安・斯坦;塞思・麦克法兰;凯蒂・霍尔姆斯,喜剧;犯罪,美国,英语,2018(中国大陆);2017-08-18(美国)
312,神偷奶爸3,凯尔・巴尔达;皮埃尔・柯芬;埃里克・吉隆,辛科・保罗;肯・道里欧,史蒂夫・卡瑞尔;克里斯汀・韦格;崔・帕克;米兰达・卡斯格拉夫;达纳・盖尔;内芙・沙雷尔;皮埃尔・柯芬;史蒂夫・库根;朱莉・安德鲁斯;珍妮・斯蕾特;迈克尔・贝亚蒂;安迪・尼曼;阿德里安・奇斯卡托;布莱恩・T・德莱尼;肯・道里欧,喜剧;动画;冒险,美国,英语,2017-07-07(中国大陆);2017-06-14(安锡动画电影节);2017-06-30(美国)
313,生化危机：复仇,y本贵则,深见真;乔・麦克林,艾琳・卡希尔;达林・德・保罗;布莱恩・T・德莱尼;约翰・德米塔;凯文・多曼;杰森・范特;阿里夫・S・金成;玛丽・伊丽莎白・麦格林;马修・默瑟;托尼・奥立佛;阿尼・潘托哈;亚历山大・博林斯基;凯伦・斯特拉斯曼,动作;动画;恐怖;冒险,日本,英语 / 日语,2017-05-27(日本)
314,生死之墙,道格・里曼,德温・沃勒尔,亚伦・泰勒-约翰逊;约翰・塞纳;莱斯・纳克里,剧情;惊悚;战争,美国,英语,2017-05-12(美国)
315,生在幼子,三岛有纪子,荒井晴彦;重松清,浅野忠信;田中丽奈;南沙良;镰田莱树;新井美羽;水泽绅吾;池田成志;宫藤官九郎;寺岛忍,剧情;家庭,日本,日语,2017-04-29(全州国际电影节);2017-08-26(日本)
316,圣诞发明家,贝瑞特・奈鲁利,苏珊・柯尼;莱斯・斯坦迪福德,丹・史蒂文斯;克里斯托弗・普卢默;乔纳森・普雷斯;西蒙・卡洛;米瑞安・玛格莱斯;伊恩・麦克尼奇;比尔・帕特森;唐纳德・桑普特;迈尔斯・贾普;莫菲德・克拉克;科西莫・福斯科;安妮特・白兰特;瓦莱里亚・班迪诺;贾斯汀・爱德华兹;盖・莱恩,剧情;喜剧;传记,爱尔兰 / 加拿大,英语,2017-11-10(科克电影节);2017-11-24(加拿大)
317,圣鹿之死,欧格斯・兰斯莫斯,欧格斯・兰斯莫斯;埃夫西米斯・菲利普,妮可・基德曼;科林・法瑞尔;艾丽西亚・希尔维斯通;巴里・基奥根;拉菲・卡西迪;比尔・坎普;桑尼・苏尔季克,剧情;悬疑;惊悚,英国 / 爱尔兰 / 美国,英语,2017-05-22(戛纳电影节);2017-11-03(英国)
318,失眠,邱礼涛,李敏,黄秋生;诗雅;林家栋;麦子乐;吴俐璇,恐怖,香港,粤语,2017-04-17(香港电影节);2017-05-18(香港)
319,十八洞村,苗月,,王学圻;白威;陈西贝;陈瑾;墨阳,剧情,中国大陆,汉语普通话,2017-10-13(中国大陆)
320,十万个冷笑话2,卢恒宇;李姝洁,卢恒宇;李姝洁;寒舞;隋佳林;高信影;赵聪,山新;郝祥海;李姝洁;藤新;图特哈蒙;李佳怡;佟心竹;九孔;卢恒宇;宝木中阳,喜剧;动画;奇幻,中国大陆,汉语普通话,2017-08-18(中国大陆)
321,石造住宅杀人案,郑植;金辉,郑植;比尔・S・博林格,高修;金柱赫;朴圣雄;文成根;林华映,惊悚;犯罪,韩国,韩语,2017-05-09(韩国)
322,时间上的家,林大雄,张宰贤,金允珍;玉泽演;赵在允,悬疑;惊悚,韩国,韩语,2017-04-05(韩国)
323,世界尽头,埃德加・赖特,西蒙・佩吉;埃德加・赖特,西蒙・佩吉;尼克・弗罗斯特;帕迪・康斯戴恩;马丁・弗瑞曼;埃迪・马森;裴淳华;托马斯・洛;Zachary Bailess;Jasper Levine;詹姆斯・特拉佩;Luke Bromley;索菲亚・埃文斯;Samantha White;Rose Reynolds;Richard Hadfield;Flora Slorach;Francesca Reidie;Charlotte Reidie;大卫・布拉德利;迈克尔・史麦利;皮尔斯・布鲁斯南,喜剧;动作;科幻,英国,英语,2013-07-19(英国)
324,熟悉的陌生人,陈正道,宋X;卢青雨,王真儿;包贝尔;苏鑫;张沙沙,剧情,中国大陆,汉语普通话,2017-04-21(中国大陆)
325,双面情人,弗朗索瓦・欧容,乔伊思・卡罗尔・奥特兹;弗朗索瓦・欧容;菲利普・皮亚佐,玛丽恩・瓦科特;杰瑞米・雷乃;杰奎琳・比塞特;米丽娅姆・博耶;多米尼克・雷蒙;安托万・德・拉・莫利内利;让-保尔・米埃尔;贝诺提・吉欧斯,剧情;爱情;惊悚,法国 / 比利时,法语,2017-05-26(戛纳电影节/法国)
326,双生薄荷,内田英治,内田英治;中村明日美子,渊上泰史;田中俊介;须贺健太;川笼石骏平;富手麻妙;靶芸嗽;一濑绫子;川崎美海;菅原大吉;高桥和也;小木茂光,剧情;同性,日本,日语 / 韩语,2017-06-03(日本)
327,斯特拉顿,西蒙・韦斯特,邓肯・福尔科纳;沃伦・戴维斯,康妮・尼尔森;汤姆・费尔顿;多米尼克・库珀;嘉玛・陈;泰勒・霍奇林;德里克・雅各比;奥斯汀・斯托维尔;托马斯・克莱舒曼;艾格尔・纳尔;李・尼古拉斯・哈里斯;奥莱加・费多罗;杰克・费尔布罗勒;尼科・托福利;穆罕默德・阿里;理查德・班克斯,动作;惊悚,英国,英语,2017-04-01(法国);2017-09-01(英国)
328,死亡半径,卡罗琳・拉布里奇;史蒂夫・伦纳德,卡罗琳・拉布里奇,迪亚哥・克莱特霍夫;夏洛蒂・苏利文;罗伯特・博尔赫斯;安德里亚・德尔・坎普;纳扎利・德姆克维奇;布雷特・多纳休;艾丽西亚・约翰斯顿;加斯・梅尔克利;达伦・罗斯;布拉德利・索茨基,科幻;惊悚,加拿大,英语,2017-07-17(奇幻电影节)
329,死亡飞车4：混乱之上,唐・迈克尔・保罗,保罗・安德森;托尼・基格里奥;唐・迈克尔・保罗,扎克・麦克格温;弗雷德里克・凯勒;克里斯汀・马扎诺;张茵;凯西・克莱尔;露西・阿登;丹尼・特雷霍;丹尼・格洛弗;洛丽娜・卡姆布罗瓦;尼古拉斯・阿隆;维利斯拉夫・帕夫洛夫;卡梅伦・杰克;朱利安・西格尔,动作,美国,英语,2018-01-30(美国)
330,死于独特,保罗・安德鲁・威廉姆斯,尼克・莱瑟,查内尔・克雷斯韦尔;尼克・迈瑞莱格伦;阿比盖尔・劳里;刘易斯・布朗;多米尼克・卡特;阿米莉亚・克拉克;克里斯・乔奇,剧情;犯罪,英国,英语,2017-06-18(英国网络)
331,速度与激情8,F・加里・格雷,克里斯・摩根;盖瑞・斯科特・汤普森,范・迪塞尔;道恩・强森;查理兹・塞隆;杰森・斯坦森;米歇尔・罗德里格兹;泰瑞斯・吉布森;卢达克里斯;库尔特・拉塞尔;娜塔莉・伊曼纽尔;卢克・伊万斯;埃尔莎・帕塔奇;克里斯托弗・海维尤;斯科特・伊斯特伍德;帕特里克・圣埃斯普利特,动作;犯罪,美国,英语,2017-04-14(美国/中国大陆);2017-04-12(法国)
332,虽然妈妈说我不可以嫁去日本,谷内田彰久,野村伸一;茂木太太,中野裕太;简书;王彩桦;孙睿;邬晓萱;李逸朗;罗北安;林美秀;山口祥行;蛭子能收;大谷主水;冈本孝;与座重理久,喜剧;爱情,台湾 / 日本,汉语普通话 / 日语,2017-05-27(日本);2017-06-16(台湾)
333,缩小人生,亚历山大・佩恩,亚历山大・佩恩;吉姆・泰勒,马特・达蒙;克里斯托弗・沃尔兹;周洪;克里斯汀・韦格;罗夫・拉斯加德;英洁德・埃格伯格;乌多・基尔;索伦・比尔马克;杰妮・霍蒂谢尔;杰森・苏戴奇斯;玛莉贝丝・梦露;菲尔・里夫斯;布里盖特・伦迪・佩恩;詹姆斯・范德比克;艾丽森・J・帕尔默;蒂姆・德里斯科尔;凯文・孔克尔;派崔克・盖勒;安娜・玛丽・考克斯;罗兰・马丁;尼尔・帕特里克・哈里斯;劳拉・邓恩;南希・纳什;玛格・马丁戴尔;凯瑞・肯妮;唐・雷克;玛丽・凯・普莱斯,剧情;喜剧;科幻,美国,英语,2017-08-30(威尼斯电影节);2017-12-22(美国)
334,他们先杀了我父亲：一个柬埔寨女儿的回忆录,安吉丽娜・朱莉,安吉丽娜・朱莉;翁琅,Sareum Srey Moch;Phoeung Kompheak;Sveng Socheata;Mun Kimhak;Heng Dara;Khoun Sothea;Sarun Nika;Run Malyna;Oun Srey Neang;Horm Chhora;Mony Ros;Tharoth Sam;Nout Sophal,剧情;传记;历史,柬埔寨 / 美国,高棉语 / 英语,2017-02-18(暹粒首映);2017-09-15(美国)
335,她的人生没有错,广木隆一,加藤正人;广木隆一,泷内公美;光石研;高良健吾;柄本时生;莲佛美沙子;筱原笃;户田昌宏;安藤玉惠;波冈一喜;磨赤儿;小S{奈;靶芸嗽;趣里,剧情,日本,日语,2017-07-15(日本)
336,太空救援,克利姆・希片科,克利姆・希片科;娜塔莉亚・梅尔库洛娃;阿列克谢・萨莫廖托夫;阿列克谢・丘波夫;杰弗里・海尔顿,弗拉季米尔・弗多维琴科夫;帕维尔・杰列维扬科;柳波芙・阿克肖诺娃;欧克萨娜・范德拉;玛丽亚・米罗诺娃;伊戈尔・乌戈尔尼科夫;亚历山大・萨莫伊连科;亚历山大・拉特尼科夫;维塔利・哈耶夫,动作;冒险,俄罗斯,俄语,2018-01-12(中国大陆);2017-10-05(俄罗斯)
337,贪婪：欲望之岛,,,金花媛;朴初炫,剧情;情色,韩国,韩语,2017-05-01(韩国)
338,特别市民,朴仁载,朴仁载;朴申奎,崔岷植;郭度沅;罗美兰;沈恩京;文素丽;柳慧英;李起弘;李周妍,剧情,韩国,韩语,2017-04-26(韩国)
339,替身,周美玲,周美玲,钟瑶;卢婕,剧情;爱情;同性,台湾,汉语普通话,2017-07-09(台湾)
340,天才枪手,纳塔吾・彭皮里亚,塔妮达・汉塔维瓦塔娜;瓦苏红・皮娅罗姆娜;纳塔吾・彭皮里亚,茱蒂蒙・琼查容苏因;查侬・散顶腾古;依莎亚・贺苏汪;披纳若・苏潘平佑;塔内・瓦拉库努娄;莎琳雷特・托马斯;伊戈・米基塔斯;帕辛・宽萨塔彭;萨哈贾克・波斯安吉特;坎嘉娜・维耐潘尼;育塔彭・瓦拉努科洛楚;诺帕瓦特・里基特王,剧情;悬疑;犯罪,泰国,泰语 / 英语,2017-10-13(中国大陆);2017-05-03(泰国)
341,天才少女,马克・韦布,汤姆・弗林,克里斯・埃文斯;麦肯娜・格瑞丝;琳赛・邓肯;珍妮・斯蕾特;奥克塔维亚・斯宾瑟;迈克尔・肯德尔・卡普兰;约翰・M・杰克逊;格伦・普拉默;约翰・芬;伊丽莎白・玛维尔;坎迪斯・B・哈里斯;乔恩・斯克拉夫;乔娜・肖;朱莉・安・埃默里;吉尔・奥唐奈,剧情;家庭,美国,英语,2017-04-12(美国)
342,天际行者,德米特里・基谢廖夫,谢尔盖・卡鲁扎诺夫;尤里・科罗特科夫;奥列格・波戈金,叶甫盖尼・米罗诺夫;康斯坦丁・哈宾斯基;弗拉基米尔・伊利因;亚历山德拉・乌尔苏利亚科;叶莲娜・维克托罗夫娜・帕诺娃;尤里・伊茨科夫;艾戈・莫罗佐夫;亚历山大・伊林;维塔丽雅・科尔尼扬科;阿纳托利・科特尼欧夫,剧情;历史;冒险,俄罗斯,俄语,2018(中国大陆);2017-04-06(俄罗斯)
343,天降美食2,科迪・卡梅伦;克里斯・皮尔恩,约翰・弗朗西斯・戴利;乔纳森・M・戈尔茨坦;埃丽卡・里维诺亚,比尔・哈德尔;威尔・福特;尼尔・帕特里克・哈里斯;安娜・法瑞丝;安迪・萨姆伯格;泰瑞・克鲁斯;詹姆斯・肯恩;本杰明・布拉特;克里斯汀・沙尔,喜剧;动画;奇幻,美国,英语,2013-09-27(美国)
344,天上再见,阿尔贝・杜邦泰尔,阿尔贝・杜邦泰尔;皮埃尔・勒梅特,纳威尔・佩雷兹・毕斯卡亚特;阿尔贝・杜邦泰尔;罗兰・拉斐特;尼尔斯・阿贺斯图普;艾米莉・德奎恩;梅兰尼・蒂埃里;埃洛伊兹・巴尔斯特;菲利普・乌禅;安德烈・马尔孔;米歇尔・维耶尔莫;凯恩・科贾迪;菲利普・杜克斯纳,剧情,法国 / 加拿大,法语,2017-10-25(法国)
345,天生不对,谷德昭,谷德昭,周渝民;薛凯琪;郑中基;恬妞;高捷;盛朗熙,喜剧;爱情,中国大陆,汉语普通话,2017-11-10(中国大陆)
346,天作凶杀案,阿沛・乔普拉,阿沛・乔普拉;施热亚・简;尼基尔・麦罗特拉,施坦・马洛萨;索娜什・辛哈;阿克夏耶・坎纳;曼迪拉・贝迪,悬疑;惊悚,印度,印地语,2017-11-03(印度)
347,铁雨,杨宇硕,杨宇硕,郑雨盛;郭度沅;金甲洙;金义城;李Z荣;赵宇镇;朴善英;金芝荷;张铉诚;郑元中;元珍雅;金亨宗;罗光旭;金明坤;朴恩惠;玄奉植;金基贤;金泰汉;克里斯汀・达尔顿;安德烈亚斯・弗龙克;丹尼尔・乔伊・奥尔布赖特,剧情;动作;战争,韩国,韩语 / 英语 / 汉语普通话 / 日语,2017-12-14(韩国)
348,同囚,黄国权,黄志邦;黄国权,游学修;关楚耀;赵永洪;赵咏瑶;徐伟栋;乔宝宝;汉洋;郭奕芯;李国麟;谭嘉荃;麦以马;岑珈其,剧情;犯罪,香港,粤语,2017-05-04(香港)
349,童女贞德,布鲁诺・杜蒙,布鲁诺・杜蒙;查尔斯・贝矶,莉莎・勒普拉・普鲁多姆;珍妮・沃伊辛;露西尔・高蒂尔;维多利亚・勒费布尔,歌舞;儿童;历史,法国,法语,2017-05-21(戛纳电影节);2017-09-06(法国)
350,屠夫小姐,纪吉雄,崔元,金民俊;徐英;孙钟学;金海淑,悬疑;惊悚;犯罪,韩国,韩语,2017-07-11(韩国)
351,推理笔记,张天辉,张天辉,陈都灵;林柏宏;汪铎;郝劭文;金士杰;王刚,剧情;悬疑,中国大陆,汉语普通话,2017-11-24(中国大陆)
352,外来者,马丁・赞里维特,安德鲁・鲍德温;约翰・林森,杰瑞德・莱托;浅野忠信;椎名桔平;忽那汐里;埃米尔・赫斯基;雷・尼科尔森;罗利・科奇瑞恩;大森南朋;田中泯;三浦诚己;菅田俊;清水寻也;海;地曳豪;渊上泰史;奥野瑛太;松本铃木;菊地麻衣,剧情;惊悚;犯罪,美国,英语 / 日语,2018-03-09(美国网络)
353,完美音调3,翠西・西埃,凯・加农;麦克・怀特;米奇・拉普金,安娜・肯德里克;蕾蓓尔・威尔森;布兰特妮・斯诺;安娜・坎普;海莉・斯坦菲尔德;伊丝特尔・迪恩;汉娜・梅・李;凯莉・杰科;雪莉・芮格娜;克莉希・菲茨;伊丽莎白・班克斯;约翰・迈克尔・辛吉斯;约翰・利思戈;马特・兰特尔;盖・布耐特;亚历克西斯・克纳普;D・J・哈立德;特洛伊・伊恩・霍尔;迈克尔・罗斯;杰西卡・查芬;莫伊塞斯・阿里亚斯;德里克・梅恩;鲁比・罗丝;安迪・阿洛;温泽拉・乔伊;凯恩・马诺利;杰米・雷内尔;维布尔・弗利茨杰拉德,喜剧;音乐,美国,英语,2017-12-22(美国)
354,王的记事簿,文贤盛,康贤盛,李善均;安在洪;金熙元;张荣男;金弘波;金应洙;赵勇进;庆收真;丁海寅,喜剧;冒险;古装,韩国,韩语,2017-04-26(韩国)
355,王牌保安,艾朗・德罗榭,托尼・莫舍;约翰・沙利文,安东尼奥・班德拉斯;本・金斯利;连姆・麦肯泰尔;加布里埃拉・赖特;查德・林德伯格;雅娜・梅里诺娃;黎烈弓;汪东城;马克・史密斯;巴沙尔・拉海尔,动作;惊悚;犯罪,美国,英语,2017-03-04(日本);2017-07-03(英国-DVD蓝光)
356,王牌保镖,帕特里克・休斯,汤姆・奥康纳,瑞安・雷诺兹;塞缪尔・杰克逊;加里・奥德曼;萨尔玛・海耶克;艾洛蒂・袁;乔昆姆・德・阿尔梅达;克里斯蒂・米切尔;约瑟芬・德・拉・波美;山姆・哈兹尔丁;巴里・阿茨玛;艾比・侯斯;米哈伊尔・戈尔沃伊,喜剧;动作;犯罪,美国 / 中国大陆 / 保加利亚 / 荷兰,英语,2017-09-22(中国大陆);2017-08-18(美国)
357,王牌特工2：黄金圈,马修・沃恩,简・古德曼;马修・沃恩;马克・米勒;戴夫・吉布森,塔伦・埃格顿;科林・费尔斯;马克・斯特朗;朱丽安・摩尔;埃尔顿・约翰;爱德华・霍尔克罗夫特;哈莉・贝瑞;佩德罗・帕斯卡;查宁・塔图姆;杰夫・布里吉斯;迈克尔・刚本;索菲・库克森;汉娜・奥斯特罗姆;比约恩・格拉纳特;莱娜・恩卓;波比・迪瓦伊;汤姆・本尼迪克・奈特;托马斯・图尔格斯;基思・艾伦;艾米丽・沃森;布鲁斯・格林伍德;戈登・亚历山大;马丁・福特;明格斯・约翰斯顿,喜剧;动作;冒险,英国 / 美国,英语,2017-10-20(中国大陆);2017-09-20(英国);2017-09-22(美国)
358,微光湖,奥伦・尤济尔,奥伦・尤济尔,本杰明・沃克;雷恩・威尔森;斯黛芬妮・西格曼;约翰・迈克尔・辛吉斯;马克・兰道尔;罗伯・考德瑞;朗・里维斯顿;怀亚特・罗素;亚当・佩里;马特・兰德里;伊莎贝尔・多夫;尼尔・怀特利;安吉拉・弗恩特;朱莉・卡纳;帕斯夸丽娜・卡杜;亚当・桑德斯;乔丹・杜阿尔特;卡尔・坎贝尔;丹尼・沃,剧情;悬疑;犯罪,加拿大 / 美国,英语,2017-06-09(美国网络)
359,伪婚男女,周美玲,周美玲;欧阳瑶,唐振刚;周厚安;李京恬;程茉;王K,剧情;同性,台湾,汉语普通话,2017-07-01(台湾-Vidol频道)
360,文集,李润珍,申河恩,郑帝元;申银秀;许真;徐贤宇;孔敏晶;卢・苏珊娜,剧情;爱情,韩国,韩语,2018-01-06(韩国)
361,我，花样女王,克雷格・吉勒斯佩,斯蒂芬・罗杰斯,玛格特・罗比;塞巴斯蒂安・斯坦;艾莉森・珍妮;凯特琳・卡弗;麦肯娜・格瑞丝;鲍比・坎纳瓦尔;博亚娜・诺瓦科维奇;朱丽安妮・尼科尔森;凯萨琳・戴尔;保罗・沃尔特・豪泽;约书亚・米克尔;埃文・乔治・沃拉泽里斯;卡拉・曼特拉;杰森・戴维斯;凯莉・弗雷泽;安东尼・雷诺兹;杰森・麦克唐纳;迈尔斯・穆森登,剧情;喜剧;传记;运动,美国,英语,2018-05(中国大陆);2017-09-08(多伦多电影节);2017-12-08(美国)
362,我的上高,钱泠泠,方天民,田小洁;耿黎明;易勇名;朴俊铭;张宇飞,剧情;战争,中国大陆,汉语普通话,2017-03-08(中国大陆)
363,我的英格兰,马克・吉尔,马克・吉尔;威廉・萨克,杰克・劳登;杰西卡・布朗・芬德利;朱迪・科默;彼得・麦克唐纳德;劳利・基纳斯顿;西蒙妮・柯比;亚当・劳伦斯;凯瑟琳・皮尔斯;芬尼・卡西迪;格雷姆・霍利,剧情;音乐;传记,英国,英语,2017-07-02(爱丁堡电影节);2017-08-04(英国)
364,我们,Mauro Carvalho,Thiago Cazado,Thiago Cazado;Mauro Carvalho;Rodrigo Bittes;Leandro Menezes;Carmem Moretzsohn;Andreessa Lee,剧情;爱情;同性,巴西,葡萄牙语,
365,我们仍未知道那天所看见的花的名字 剧场版,长井龙雪,冈田磨里,入野自由;茅野爱衣;户松遥;樱井孝宏;早见沙织;近藤孝行,动画,日本,日语,2013-08-31(日本)
366,我能说,金炫锡,金炫锡,罗文姬;李帝勋;廉惠兰;朴哲民;李尚熙;李知勋;郑妍周;金素真,剧情;喜剧,韩国,韩语 / 英语,2017-09-21(韩国)
367,我杀死了巨人,安德斯・瓦尔特,乔・凯利;J・M・肯・尼姆拉,麦迪逊・沃尔夫;佐伊・索尔达娜;伊莫琴・普茨;悉德妮・韦德;罗丽・杰克逊;阿特・帕金森;詹妮弗・艾莉;唐・威彻利;诺埃尔・克拉克;本・卡罗兰;布兰登・马赫,剧情;惊悚;奇幻,美国 / 英国 / 比利时,英语,2017-09-09(多伦多电影节);2018-03-23(美国);2018-04-06(英国)
368,我是好人,邢键钧,邢键钧,贾景晖;刘南;杨壹童;邢翰卿;王冠淇;李沐泽,喜剧;犯罪,中国大陆,汉语普通话,2018-01-14(中国大陆)
369,我是马布里,杨子,杨子,斯蒂芬・马布里;吴尊;何冰;郑秀妍;王庆祥;巴朗・戴维斯;洛雷塔・迪瓦恩;弗兰基・费森;余皑磊;锦荣;高以翔;王阳明;阿伦・艾弗森;高云翔,剧情;运动,中国大陆 / 美国,汉语普通话 / 英语,2017-08-04(中国大陆);2017-06-18(上海电影节)
370,我想吃掉你的胰脏,月川翔,吉田智子,滨边美波;北村匠海;大友花恋;矢本悠马;樱田通;森下大地;上地雄辅;北川景子;小栗旬,剧情;爱情,日本,日语,2017-07-28(日本)
371,卧底巨星,谷德昭,谷德昭;陈茂贤;冯勉恒,陈奕迅;李荣浩;李一桐;陈国坤;崔志佳;许绍雄;刘浩龙;田启文;克里斯・柯林斯;马志威;李聪,喜剧;动作,中国大陆 / 香港,汉语普通话,2018-01-12(中国大陆)
372,无爱可诉,安德烈・萨金塞夫,奥莱格・涅金;安德烈・萨金塞夫,玛丽安娜・斯皮瓦克;阿列克谢・罗津;马特威・诺维科夫;瓦尔瓦拉・史密科娃;安德瑞斯・凯斯;阿列克谢・法捷耶夫;弗拉季米尔・弗多维琴科夫;雅妮娜・霍普;安娜斯塔西娅・斯泰思科;叶夫根尼娅・德米特里娃;谢尔盖・博里索夫,剧情;家庭,俄罗斯 / 法国,俄语,2017-05-18(戛纳电影节);2017-06-01(俄罗斯)
373,无巧不成婚,奥利维埃・纳卡什;埃里克・托莱达诺,奥利维埃・纳卡什;埃里克・托莱达诺,让-皮埃尔・巴克里;让-保罗・卢弗;吉尔・勒卢什;樊尚・马凯涅;伊尔・哈达拉;苏珊娜・克莱蒙;阿尔班・伊万诺夫;海伦・文森特;本杰明・拉维赫尼;茱迪丝・谢拉;威廉・勒布吉欧;凯文・阿札伊斯;安托万・夏佩,剧情;喜剧,法国,法语,2017-10-04(法国)
374,无限之住人,三池崇史,大石哲也;沙村广明,木村拓哉;杉D花;福士苍汰;市原隼人;户田惠梨香;北村一辉;栗山千明;满岛真之介;金子贤;山本阳子;市川海老藏;田中泯;山崎努,剧情;动作,日本,日语,2017-04-29(日本)
375,午餐盒,赖舒・彼查,赖舒・彼查;鲁特维克・奥扎,伊尔凡・可汗;Nimrat Kaur;纳瓦祖丁・席迪圭;Denzil Smith;Bharati Achrekar;Nakul Vaid;Yashvi Puneet Nagar;莉蕾特・杜贝;Shruti Bapna;Akash Sinha,剧情;爱情,印度 / 法国 / 德国 / 美国,印地语 Hindi / 英语,2013-09-20(印度)
376,午睡公主,神山健治,神山健治,高x充希;满岛真之介;古田新太;钉宫理惠;高木涉;前野朋哉;清水理沙;高桥英树;江口洋介,剧情;动画,日本,日语,2017-03-18(日本)
377,武曲,熊切和嘉,高田亮;藤泽周平,绫野刚;村上虹郎;前田敦子;片冈礼子;神野三铃;康巢恩;风吹淳;小林薰;柄本明,动作;冒险,日本,日语,2017-06-03(日本)
378,悟空传,郭子健,郭子健;今何在;黄海;范文文;黄智亨,彭于晏;倪妮;余文乐;俞飞鸿;欧豪;郑爽;乔杉;杨迪;巴音;王德顺,剧情;动作;奇幻,中国大陆,汉语普通话,2017-07-13(中国大陆)
379,夕阳特工,罗恩・谢尔顿,罗恩・谢尔顿,摩根・弗里曼;汤米・李・琼斯;蕾妮・罗素;乔・潘托里亚诺;格伦妮・海德利;伊丽莎白・阿什利;格拉汉姆・贝克尔;克里斯汀・瑞克斯;埃利・古德曼;雪莉・李・拉尔夫;乔治・华莱士,喜剧;动作,美国,英语,2017-12-08(美国)
380,西尔玛,约阿希姆・提尔,约阿希姆・提尔;埃斯基尔・沃格特,艾丽・哈尔博;卡雅・威尔金斯;亨瑞克・拉斐尔森;艾伦・多丽特・彼得森;格蕾特・艾特瓦;玛特・马努斯多特・索利姆;安德斯・莫索林;凡妮莎・博格利;斯泰纳尔・克鲁曼・哈勒,剧情;惊悚;同性;奇幻,挪威 / 法国 / 丹麦 / 瑞典,挪威语,2017-08-20(挪威电影节);2017-09-15(挪威)
381,西谎极落之太爆太子太空舱,吴汉邦;吴兆麟,向西村上春树;吴兆麟,周柏豪;张继聪;蔡瀚亿;林敏骢;林盛斌;雨侨;连诗雅;陈诗慧;庄思敏;周祉君;杜小乔;宋本中;徐浩昌;吴志雄;卢宛茵;郑丹瑞;卢觅雪;赵善恒;张学润,喜剧,香港 / 中国大陆,汉语普通话 / 粤语,2017-09-06(中国大陆);2017-09-07(香港)
382,西游记女儿国,郑保瑞,文宁,郭富城;冯绍峰;赵丽颖;小沈阳;罗仲谦;林志玲;梁咏琪;刘涛;孙伊涵;苑琼丹;潘斌龙;陈雅丽;施诗,喜剧;爱情;奇幻,中国大陆 / 香港,汉语普通话,2018-02-16(中国大陆)
383,喜欢你,许宏宇,李媛;许伊萌;蓝白色,金城武;周冬雨;孙艺洲;奚梦瑶;杨v宁;张国柱;高晓松;林志玲;赵英俊;海佟,喜剧;爱情,中国大陆,汉语普通话,2017-04-27(中国大陆);2017-04-08(北京电影节)
384,侠盗联盟,冯德伦,冯德伦;罗耀辉;哈智超;张志光;黄小庄,刘德华;舒淇;张静初;杨v宁;让・雷诺;曾志伟;沙溢;游天翼;张益群,动作;冒险,中国大陆 / 香港 / 捷克,汉语普通话,2017-08-11(中国大陆)
385,夏天19岁的肖像,张荣吉,李佳颖;陈立萍;苏照彬;岛田庄司,黄子韬;杨采钰;杜天皓;李梦;张国柱;柯淑勤;朱芷莹;冯淬帆,爱情;悬疑,中国大陆,汉语普通话,2017-05-27(中国大陆)
386,嫌疑人X的献身,苏有朋,李佳颖;黄海;苌江;王潮;迟海;冯元良;东野圭吾,王凯;张鲁一;林心如;叶祖新;丁冠森;邓恩熙;成泰;赵阳;侯明昊;焉栩嘉;任熙青;李炳易;李宏;赵燕国彰,悬疑;犯罪,中国大陆,汉语普通话,2017-03-31(中国大陆)
387,相爱相亲,张艾嘉,张艾嘉;游晓颖,张艾嘉;田壮壮;郎月婷;宋宁峰;吴彦姝;耿乐;谭维维;刘若英;王志文;李雪健;马嘉祺;张艺瀚,剧情;爱情;家庭,中国大陆 / 台湾,汉语普通话,2017-11-03(中国大陆);2017-10-21(釜山电影节)
388,想成为奥田民生的男孩和让男人痴狂的女孩,大根仁,大根仁;涉谷直角,妻夫木聪;水原希子;新井浩文;安藤樱;天海v希;中川雅也;松尾铃木;江口德子,喜剧;爱情,日本,日语,2017-09-16(日本)
389,向阳之处必有声,上条大辅,高桥奈都子;文乃有纪,多和田秀弥;小野寺晃良;三津谷亮;高岛礼子;山崎亚美,剧情;爱情;同性,日本,日语,2017-06-24(日本)
390,小丑回魂,安德斯・穆斯切蒂,蔡斯・帕默;凯瑞・福永;加里・多伯曼;斯蒂芬・金,比尔・斯卡斯加德;杰顿・李博赫;杰里米・雷・泰勒;索菲娅・莉莉丝;菲恩・伍法德;乔森・雅各布;杰克・迪伦・格雷泽;瓦耶特・奥莱夫;杰克逊・罗伯特・斯科特;尼古拉斯・汉密尔顿;杰克・辛;洛根・汤普森;欧文・泰格;斯蒂夫・博加尔特;斯图尔特・休斯;杰弗里・庞塞特;皮普・德怀尔;莫莉・阿特金森;史蒂文・威廉姆斯;伊丽莎白・桑德斯;梅根・查彭提尔;安东尼・尤埃西;哈维尔・博泰特;伊莎贝尔・内利瑟;尼尔・克容,剧情;恐怖;儿童,美国 / 加拿大,英语,2017-08-29(伦敦恐怖电影节);2017-09-08(美国)
391,小奸小恶,伊万・凯兹,梅肯・布莱尔;伊万・凯兹;大卫・泽尔茨曼,尼古拉・科斯特-瓦尔道;罗伯特・福斯特;杰基・韦佛;莫莉・帕克;盖瑞・科尔;梅肯・布莱尔;迈克尔・金尼;丹妮拉・桑德福德;肖恩・劳伦斯;帕特・希利;拉瑞・凡斯登;塔拉・尤伦,剧情;惊悚;犯罪,美国 / 加拿大,英语,2017-03-11(西南偏南电影节);2017-04-28(美国)
392,小马宝莉大电影,杰森・西森,莫汉・麦卡锡;萧丽塔;迈克尔・沃格尔;乔・巴拉里尼;劳伦・浮士德,奥卓・阿杜巴;艾米莉・布朗特;阿什莉・鲍尔;克里斯汀・肯诺恩斯;泰雅・迪格斯;安德莉亚・利布曼;迈克尔・佩纳;佐伊・索尔达娜;列维・施瑞博尔;希雅;塔比莎・杰曼;塔拉・斯特朗;凯西・薇瑟乐克;马克斯・马蒂尼,喜剧;动画;冒险,美国 / 加拿大,英语,2018-02-02(中国大陆);2017-10-06(美国)
393,小情书,乔梁,宋丽颖,赵顺然;朱颜曼滋;姜瑞佳;高子沣;杨青;赵健雷;任帅;刘丹;姜宏波;韩昊轩;马祥睿;邓震;伍宇辰柠;赵珍妮;张鑫凯,剧情;爱情,中国大陆,汉语普通话,2017-05-19(中国大陆)
394,小戏骨：放开那三国,潘礼平;邹江;尹俊欢,邢育森;高翔,陶奕希;李俊豪;葛奕德;赵晨翔;陈荣达;罗自豪;陶冰蓝;周冉;黎哲彬;祁晟原;段智文;周柯伊;赵士添,剧情;儿童;历史;古装,中国大陆,汉语普通话,2017-08-28(中国大陆)
395,小戏骨：红楼梦之刘姥姥进大观园,潘礼平;刘玉洁;胡昀皓;释金光,刘玉洁;罗妤佳,释小松;周漾h;钟熠[;郭飞歌;杨纳娜;姚奥依;孙伊雯;刘戴恩;陶冰蓝;孙乐颜;陈舒宜;周艺;翁馨;钟奕儿;崔傲菲儿;高琳子;韦梓彤;艾梦欣;罗熙怡;黄林依阳;刘紫璇;姚雯嘉;陈荣达;肖杨博涵;郑可卓颖;于嘉欣;李芝青;周巧诒;胡轶珂;杨F奎;刘怡麟;李俊豪;张思晨;余亚颖;刘芸孜;汪鑫瞳;赵奕琳;梁钦;韩一诺;付馨柔;李卓骞;许艺菲;张良哲;王项景浩;黄诚越;张泽晨;姚佳祺;陈星宇;卢俊辰;张靖晗;蔡嘉诚;陈博政;杨知周,剧情;儿童;古装,中国大陆,汉语普通话,2017-10-01(中国大陆)
396,心理罪,谢东,顾小白;李昭;曹晨;雷米,廖凡;李易峰;万茜;李纯;张国柱;谢君豪;封佳奇;蔡鹭;虞朗;范,动作;悬疑;犯罪,中国大陆,汉语普通话,2017-08-11(中国大陆)
397,心理罪之城市之光,徐纪周,徐纪周;雷米,邓超;阮经天;刘诗诗;文淇;林嘉欣;郭京飞;雷米;马苏,动作;悬疑;犯罪,中国大陆 / 香港,汉语普通话,2017-12-22(中国大陆)
398,新木乃伊,艾里克斯・库兹曼,乔・斯派茨;克里斯托弗・麦奎里,汤姆・克鲁斯;罗素・克劳;安娜贝拉・沃丽丝;索菲亚・波多拉;杰克・约翰逊;考特尼・万斯;马尔万・肯扎里;斯蒂芬・汤普森;詹姆斯・阿拉马;马修・威尔卡斯;索姆・卡皮拉;肖恩・卡梅伦・迈克尔;雷兹・肯普顿;尼尔・马斯克尔;哈维尔・博泰特;帕克・索耶,动作;奇幻;冒险,美国,英语,2017-06-09(中国大陆/美国)
399,新小屁孩日记,大卫・博维斯,杰夫・金尼;大卫・博维斯;亚当・希泰凯尔,杰森・德鲁克;艾丽西亚・希尔维斯通;汤姆・艾弗瑞特・斯科特;查理・赖特;欧文・艾斯特罗斯;约书亚・胡佛;克里斯・科波拉;米拉・西尔弗曼;卡洛斯・格雷罗;丹尼・文森;泰勒・圣克莱尔;库尔特・岳,喜剧;儿童,美国,英语,2017-05-19(美国)
400,星际特工：千星之城,吕克・贝松,吕克・贝松;皮埃尔・克里斯汀;让-克劳德・梅济耶尔,戴恩・德哈恩;卡拉・迪瓦伊;克里夫・欧文;蕾哈娜;伊桑・霍克;赫比・汉考克;吴亦凡;萨姆・斯普卢尔;阿兰・夏巴;鲁特格尔・哈尔;泽维尔・吉亚诺利;约翰・古德曼;山姆・道格拉斯;萨莎・露丝,动作;科幻;冒险,法国,英语 / 法语,2017-08-25(中国大陆);2017-07-20(德国);2017-07-26(法国)
401,星球大战8：最后的绝地武士,莱恩・约翰逊,莱恩・约翰逊;乔治・卢卡斯,马克・哈米尔;凯丽・费雪;黛西・雷德利;亚当・德赖弗;约翰・博耶加;奥斯卡・伊萨克;安迪・瑟金斯;露皮塔・尼永奥;多姆纳尔・格里森;安东尼・丹尼尔斯;格温多兰・克里斯蒂;凯莉・玛丽・陈;劳拉・邓恩;本尼西奥・德尔・托罗;弗兰克・奥兹;比莉・洛德;阿曼达・劳伦斯;吉米・维;贾斯汀・塞洛克斯;蒂姆・罗斯;汤姆・凯恩;亚德里安・埃德蒙松;马克・路易斯・琼斯;赫敏・科菲尔德;吴青芸;诺阿・西甘;保罗・卡塞;米凯拉・科尔;普莉安卡・伯福德;纳温・乔杜里;安德鲁・杰克;克里斯塔・克拉克;伊川东吾,动作;科幻;冒险,美国,英语,2018-01-05(中国大陆);2017-12-15(美国)
402,星游记之风暴法米拉,胡一泊,刘磊,陶典;小连杀;山新;宝木中阳;边江;图特哈蒙;曹云图;笑谈;杨天翔;郭盛;阎萌萌;幽舞越山;佟心竹;皇贞季;藤新;邢凯新;叮当;姜广涛,动作;动画;奇幻;冒险,中国大陆,汉语普通话,2017-08-11(中国大陆)
403,猩球崛起3：终极之战,马特・里夫斯,马特・里夫斯;马克・鲍姆贝克;里克・杰法;阿曼达・斯尔沃;皮埃尔・布尔,安迪・瑟金斯;伍迪・哈里森;史蒂夫・茨恩;卡琳・考诺娃;阿米尔・米勒;泰瑞・诺塔里;泰・奥尔森;迈克尔・亚当思韦特;托比・凯贝尔;加布里埃尔・查瓦里亚;朱迪・格雷尔;莎拉・坎宁;德文・达尔顿;阿莱克斯・潘诺维奇;亚历桑德罗・朱利安尼;马克斯・洛伊德-琼斯;蒂莫西・韦伯,剧情;动作;科幻,美国,英语 / 美国手语,2017-09-15(中国大陆);2017-07-14(美国)
404,性别之战,乔纳森・戴顿;维莱莉・法瑞斯,西蒙・博福伊,艾玛・斯通;史蒂夫・卡瑞尔;安德丽亚・瑞斯波罗格;娜塔丽・莫瑞丝;萨拉・西尔弗曼;比尔・普尔曼;艾伦・卡明;伊丽莎白・苏;艾瑞克・克里斯蒂安・奥森;弗莱德・阿米森;玛莎・麦萨克;米奇・萨姆纳;杰西卡・麦克娜美,喜剧;同性;传记;运动,英国 / 美国,英语,2017-09-02(特柳赖德电影节);2017-09-29(美国)
405,羞羞的铁拳,宋阳;张吃鱼,张吃鱼;宋阳,艾伦;马丽;沈腾;田雨;宋阳;薛皓文;常远;黄才伦;王智,喜剧;奇幻,中国大陆,汉语普通话,2017-09-30(中国大陆)
406,绣春刀II：修罗战场,路阳,陈舒;路阳;禹扬,张震;杨幂;张译;雷佳音;辛芷蕾;金士杰;刘端端;武强;杨轶;李媛;吴晓亮;李洪涛;刘峰超;袁文康;马赫;刘亭作;姜晓冲;陈齐威;王仁君;周一围,剧情;动作;武侠;古装,中国大陆,汉语普通话,2017-07-19(中国大陆);2017-06-18(上海电影节)
407,虚拟实惊,本・C・卢卡斯,凯利・埃斯克里奇;本・C・卢卡斯;格雷戈里・威顿,杰西卡・德・古维;托马斯・康奎尔;TJ・鲍尔;利亚姆・格雷厄姆;普丽西拉-安妮・福德;侯宣德;莎罗姆・布龙-富兰克,科幻;悬疑;惊悚;犯罪,澳大利亚,英语,2017-06-16(悉尼电影节);2017-11-15(澳大利亚网络)
408,许愿,约翰・R・莱昂耐迪,巴尔巴拉・马歇尔,乔伊・金;瑞恩・菲利普;李起弘;米切尔・斯莱格特;香农・珀瑟;希妮・帕克;伊丽莎白・霍尔姆;约瑟芬・兰福德;亚历山大・努涅斯;达妮埃拉・巴博萨;凯文・汉查德;雪琳・芬;拉根・雷沃德;爱丽丝・李;米歇尔・亚历山大,惊悚;恐怖;奇幻,美国,英语,2017-07-14(美国)
409,宣告黎明的露之歌,汤浅政明,吉田玲子;汤浅政明,谷花音;下田翔大;寿美菜子;齐藤壮马;铃村健一;柄本明;S原信一;新谷真弓;菅生隆之;长岛雄一;佐佐木睦;川岛得爱;伊藤静;堀井真吾;大悟;青山穰;关贵昭;各务立基;宫崎敦吉,剧情;动画;奇幻,日本,日语,2017-05-19(日本)
410,雪花,赵杰民,赵杰民,朴珍荣;智友;辛安金;郑娜恩;姜明盖,剧情,韩国,韩语,2017-03-01(韩国)
411,血狼犬,刘建华,刘夏,黄宏;刘向京;赵婷婷;孙涛;王海燕;肥龙;朱琳;秦艺伟;党晨,剧情;动作;冒险,中国大陆,汉语普通话,2017-04-21(中国大陆)
412,寻梦环游记,李・昂克里奇;阿德里安・莫利纳,阿德里安・莫利纳;马修・奥尔德里奇;李・昂克里奇;詹森・卡茨,安东尼・冈萨雷斯;盖尔・加西亚・贝纳尔;本杰明・布拉特;阿兰纳・乌巴奇;芮妮・维克托;杰米・卡米尔;阿方索・阿雷奥;赫伯特・西古恩萨;加布里埃尔・伊格莱西亚斯;隆巴多・博伊尔;安娜・奥菲丽亚・莫吉亚;娜塔丽・科尔多瓦;赛琳娜・露娜;爱德华・詹姆斯・奥莫斯;索菲亚・伊斯皮诺萨;卡拉・梅迪纳;黛娅娜・欧特里;路易斯・瓦尔德斯;布兰卡・阿拉切利;萨尔瓦多・雷耶斯;切奇・马林;奥克塔维・索利斯;约翰・拉岑贝格,喜剧;动画;音乐;家庭;冒险,美国,英语 / 西班牙语,2017-11-24(中国大陆);2017-10-20(莫雷利亚电影节);2017-11-22(美国)
413,亚瑟王：斗兽争霸,盖・里奇,卓比・哈罗德;盖・里奇;莱昂内尔・威格拉姆;大卫・道金,查理・汉纳姆;裘德・洛;阿斯特丽德・伯格斯-弗瑞斯贝;米卡埃尔・佩斯布兰特;杰曼・翰苏;安娜贝拉・沃丽丝;艾瑞克・巴纳;艾丹・吉伦;尼尔・马斯克尔;赫敏・科菲尔德;凯蒂・麦克格雷斯;杰奎・安斯蕾;弗莱迪・福克斯;波比・迪瓦伊;朱利安・西格尔;大卫・贝克汉姆;杰夫・贝尔;米莉・布拉迪;乔治娜・坎贝尔;丹尼尔・斯蒂森;伊琳・珀威尔;迈克尔・麦克埃尔哈顿;阿德里安・布薛特;彼得・费迪南多;汤姆・吴;金斯利・本-阿德;盖・里奇,动作;奇幻;冒险,美国,英语,2017-05-12(中国大陆/美国)
414,湮灭,亚历克斯・嘉兰,亚历克斯・嘉兰;杰夫・梵德米尔,娜塔莉・波特曼;詹妮弗・杰森・李;吉娜・罗德里格兹;泰莎・汤普森;奥斯卡・伊萨克;水野索诺娅;大卫・吉雅西;图娃・诺沃妮;本尼迪克特・王;约翰・施瓦布;萨米・海曼;乔希・丹福德;克里斯汀・麦加里蒂,剧情;科幻;惊悚,美国 / 英国,英语,2018-04-13(中国大陆);2018-02-23(美国)
415,养家之人,诺拉・托梅,安妮塔・多兰;黛博拉・伊莉丝,莎拉・乔德利;索玛・查亚;诺林・古拉姆高斯;拉腊・萨迪克;阿里・巴德沙阿;莎斯塔・拉蒂夫;坎扎・费里斯;卡瓦・阿达;凯恩・马洪;阿里・卡兹米;曼・沃尔克哈德;雷扎・索勒,剧情;动画;家庭,爱尔兰 / 加拿大 / 卢森堡,英语,2018-04(中国大陆);2017-09-08(多伦多电影节);2018-05-25(爱尔兰)
416,妖精的尾巴剧场版：龙泣,南川_R,真岛浩,柿原彻也;平野绫;钉宫理惠;中村悠一,动画,日本,日语,2017-05-06(日本)
417,妖铃铃,吴君如,周运海;查慕春;王贻兴,吴君如;沈腾;岳云鹏;张译;Papi酱;吴镇宇;方中信;焦俊艳;潘斌龙;阿如那;许君聪;李亦航;周冬雨;马思纯;李尚正,喜剧;恐怖,中国大陆,汉语普通话,2017-12-29(中国大陆)
418,妖猫传,陈凯歌,王蕙玲;陈凯歌;梦枕貘,黄轩;染谷将太;张雨绮;秦昊;张榕容;刘昊然;欧豪;张鲁一;阿部宽;田雨;刘佩琦;辛柏青;成泰;李淳;秦怡;松坂庆子;张天爱;周中和;火野正平;夏楠;陈旭;王迪;宋运成;刘国华,剧情;悬疑;奇幻;古装,中国大陆 / 日本,汉语普通话 / 日语,2017-12-22(中国大陆);2018-02-24(日本)
419,摇滚学徒,吉约姆・卡内,吉约姆・卡内;鲁道夫・洛加;菲利普・莱夫布瓦尔,吉约姆・卡内;玛丽昂・歌迪亚;菲利普・莱夫布瓦尔;吉尔・勒卢什;卡蜜尔・罗;凯文・亚当斯;本・福斯特;马克西姆・努齐;亚霍尔・普波;伊万・阿达勒;亚兰・阿达勒;约翰尼・哈里戴;拉蒂西亚・哈莉黛;蒂芬・米歇尔-博尔吉;法布里斯・拉米;阿诺・翁利叶,剧情;喜剧;音乐,法国,法语,2017-02-15(法国)
420,野良猫,Y英雄,清水匡,洼冢洋介;降谷建志;市川由衣;品川v;三浦诚己;高川裕也;柳英里纱;川濑阳太;森冈丰;马场良马;火野正平,剧情;喜剧,日本,日语,2017-06-18(上海电影节);2017-07-15(日本)
421,夜空总有最大密度的蓝色,石井裕也,石井裕也;最果夕日,石桥静河;池松壮亮;松田龙平;市川实日子;田中哲司;佐藤玲;三浦贵大;大西力;野煤妹,剧情;爱情,日本,日语,2017-02-13(柏林电影节);2017-05-13(日本)
422,夜晚的灵魂,赖舒・彼查,斯科特・纽斯塔德;迈克尔・H・韦伯;肯特・哈鲁夫,简・方达;罗伯特・雷德福;朱迪・格雷尔;马提亚斯・修奈尔;伊恩・阿米蒂奇;布鲁斯・邓恩;菲利斯・萨莫维尔;莱娜・刘易斯;迈克尔・洛夫・托利弗;吉兰妮欧・马格罗斯;奥德丽・沃尔特斯;霍莉・彭福尔德;泰德・马里兹;安迪・汉金斯,剧情;爱情,美国,英语,2017-09-01(威尼斯电影节);2017-09-29(美国)
423,一锤定音,里克・罗曼・沃夫,里克・罗曼・沃夫,尼古拉・科斯特-瓦尔道;蕾克・贝尔;乔・博恩瑟;杰弗里・多诺万;欧玛瑞・哈德威克;霍特・麦克卡兰尼;洁西・斯克拉姆;本杰明・布拉特;迈克尔・兰德斯;艾莫里・科恩;伊万・琼斯;胡安・巴勃罗・拉瓦;克里斯・勃朗宁;萨拉・明妮奇;基思・雅各;马特・杰拉德,剧情;惊悚;犯罪,美国,英语,2017-06-17(洛杉矶电影节);2017-08-18(美国)
424,一呼一吸,安迪・瑟金斯,威廉姆・尼克尔森,安德鲁・加菲尔德;克莱尔・芙伊;爱德华・斯皮伊尔斯;汤姆・霍兰德;本・劳埃德-休斯;米兰达・莱森;卡米拉・拉瑟福德;查尔斯・斯特里特;佩妮・唐尼;阿米特・沙阿;乔纳森・海德;艾米莉・贝文;罗杰・阿什顿-格里菲斯;大卫・威尔莫特;帕特里克・戈弗雷;休・博纳维尔;洛琳・艾什本;萝西・凯弗利洛;西尔维斯特・格罗特;哈利・马库斯;迪恩・查尔斯・查普曼;大卫・巴特勒;安德烈・雅各布斯;泰瑞・诺顿,剧情;爱情;传记,英国,英语,2017-09-11(多伦多电影节);2017-10-27(英国)
425,一级机密,洪基善,安永洙,金相庆;金玉彬;崔武成;崔奎华;金炳哲;申承焕;林承代;徐贤宇;丁一宇;柳善;金重基;李智媛;金景南;朴忠善;黄宝拉;李杭娜,剧情;惊悚;犯罪,韩国,韩语,2017-07-20(富川奇幻电影节);2018-01-24(韩国)
426,一江春水向东流,蔡楚生;郑君里,蔡楚生;郑君里,白杨;陶金;舒绣文;上官云珠;吴茵,剧情,中国,汉语普通话,1947(中国大陆);2017-10-27(中国大陆重映)
427,一切的一切,斯特拉・梅吉,J・迈尔斯・古德洛;妮古拉・尹,阿曼德拉・斯坦伯格;尼克・罗宾森;阿尼卡・诺尼・罗斯;安娜・德拉・雷古拉;泰勒・辛克森;多瑙・埃莫西约;丹・佩恩;菲奥娜・洛威;萨奇・布洛克勒班克;罗伯特・劳兰逊;彼得・本森;叶芳华;法林・万安贝克;玛丽恩・伊斯曼;艾莉森・莱利,剧情;爱情,美国,英语,2017-05-19(美国)
428,一日情人,菲利普・加瑞尔,菲利普・加瑞尔;让-克洛德・卡里埃;卡罗利娜・德吕亚-加雷尔;阿莱特・朗曼,埃里克・卡拉瓦卡;艾斯特・加瑞尔;露易丝・谢维洛特;保罗・图坎格;费利克斯・基赛勒;米歇尔・查瑞尔;克里斯蒂安・布耶特,剧情,法国,法语,2017-05-19(戛纳电影节);2017-05-31(法国)
429,一天,赵善浩,赵善浩,金明民;卞耀汉;申惠善;赵恩亨;刘在明,剧情;悬疑;惊悚,韩国,韩语,2017-06-15(韩国)
430,一条龙,杨景模,杨景模,任时完;朴有焕;晋久;朴炳垠;李东辉;王智媛;金善映,剧情;犯罪,韩国,韩语,2017-03-29(韩国)
431,一周的朋友,村上正典,叶月抹茶;泉泽阳子,川口春奈;山崎贤人;松尾太阳;上杉捌;高桥春织;古x星夏;伊藤沙莉;甲本雅裕;国生小百合;岩亮;户次重幸;冈田圭右;山谷祥生;雨宫天,剧情;爱情,日本,日语,2017-02-18(日本)
432,伊斯梅尔的幽魂,阿诺・德斯普里钦,阿诺・德斯普里钦;蕾雅・梅西斯;朱莉・皮耶尔,马修・阿马立克;玛丽昂・歌迪亚;夏洛特・甘斯布;路易・加瑞尔;阿尔巴・罗尔瓦凯尔;拉斯洛・绍博;伊波利特・吉拉尔多;雅各・诺勒;凯瑟琳・蒙切特;萨米尔・盖丝米;布鲁诺・托德契尼,剧情;爱情;惊悚,法国,法语,2017-05-17(戛纳电影节/法国)
433,移动迷宫3：死亡解药,韦斯・鲍尔,T・S・诺林;詹姆斯・达什纳,迪伦・奥布莱恩;卡雅・斯考达里奥;李起弘;托马斯・布罗迪-桑斯特;罗莎・萨拉查;德克斯特・达登;艾丹・吉伦;威尔・保尔特;吉安卡罗・埃斯波西托;沃尔顿・戈金斯;派翠西娅・克拉克森,动作;科幻;冒险,美国,英语,2018-01-26(美国/中国大陆)
434,遗忘诗行,阿利雷扎・哈塔米,阿利雷扎・哈塔米,胡安・马加略;托马斯・德尔・伊思塔;曼努埃尔・莫龙;伊西娅尔・艾斯普鲁;胡利奥・晶;安帕罗・诺格拉;贡萨洛・罗伯斯,剧情,智利 / 法国 / 德国 / 荷兰,西班牙语,2017-09-02(威尼斯电影节)
435,异星觉醒,丹尼尔・伊斯皮诺萨,略特・里斯;保罗・韦尼克,杰克・吉伦哈尔;丽贝卡・弗格森;瑞安・雷诺兹;真田广之;阿利安・巴克瑞;奥尔加・戴维克娜雅;大卫・梅尔;伊莉莎白・巴尔加斯;卡米尔・沃伦-泰勒;森尚子;亚历山大・阮;希・伍辛,科幻;惊悚;恐怖,美国,英语 / 日语 / 越南语,2017-05-19(中国大陆);2017-03-18(西南偏南电影节);2017-03-24(美国)
436,异形：契约,雷德利・斯科特,迈克尔・格林;约翰・洛根;杰克・帕格恩,迈克尔・法斯宾德;凯瑟琳・沃特斯顿;比利・克鲁德普;丹尼・麦克布莱德;德米安・比齐尔;卡门・艾乔戈;朱西・斯莫利特;考莉・埃尔南德斯;艾米・西米茨;纳撒尼尔・迪安;亚历山大・英格兰;本杰明・里格比;乌利・拉图基孚;泰丝・哈乌布里奇;罗蕾莱・金;哈维尔・博泰特;詹姆斯・弗兰科;盖・皮尔斯;劳米・拉佩斯,科幻;恐怖,美国,英语,2017-06-16(中国大陆);2017-05-10(法国);2017-05-19(美国)
437,意外杀手,杰西・约翰逊,斯科特・阿金斯;帕特・米尔斯;斯图・斯莫尔,斯科特・阿金斯;雷・史蒂文森;阿什丽・格林尼;大卫・佩默;迈克尔・加・怀特;雷・帕克;艾米・约翰斯顿;派瑞・本森;尼克・莫兰;罗斯・奥亨尼西;蒂姆・曼,动作;惊悚;犯罪,英国,英语,2018-02-05(德国);2018-04-16(英国)
438,银河护卫队2,詹姆斯・古恩,詹姆斯・古恩;丹・阿布内特;安迪・兰宁,克里斯・普拉特;佐伊・索尔达娜;戴夫・巴蒂斯塔;范・迪塞尔;布莱德利・库珀;凯伦・吉兰;迈克尔・鲁克;庞・克莱门捷夫;伊丽莎白・德比茨基;肖恩・古恩;库尔特・拉塞尔;克里斯・沙利文;大卫・哈塞尔霍夫;西尔维斯特・史泰龙;杨紫琼,动作;科幻;冒险,美国,英语,2017-05-05(中国大陆/美国);2017-04-19(洛杉矶首映)
439,银魂,福田雄一,福田雄一;空知英秋,小栗旬;菅田将晖;桥本环奈;柳乐优弥;新井浩文;吉泽亮;早见明里;室毅;长泽雅美;冈田将生;佐藤二朗;菜菜绪;安田显;中村勘九郎;堂本刚;山田孝之,喜剧;动作;奇幻;冒险,日本,日语,2017-09-01(中国大陆);2017-07-14(日本)
440,银魂完结篇：直到永远的万事屋,藤田阳一,大和屋晓,杉田智和;钉宫理惠;阪口大助;千叶进步;中井和哉;铃村健一;石田彰,剧情;动画,日本,日语,2013-07-06(日本)
441,银翼杀手2049,丹尼斯・维伦纽瓦,汉普顿・范彻;迈克尔・格林;菲利普・迪克,瑞恩・高斯林;哈里森・福特;安娜・德・阿玛斯;西尔维娅・侯克斯;罗宾・怀特;杰瑞德・莱托;戴夫・巴蒂斯塔;麦肯兹・戴维斯;卡拉・朱里;爱德华・詹姆斯・奥莫斯;巴克德・阿巴蒂;大卫・达斯马齐连;西娅姆・阿巴斯;连尼・詹姆斯;马克・阿诺德;肖恩・杨,剧情;科幻;惊悚,美国 / 加拿大 / 英国,英语 / 芬兰语 / 日语 / 匈牙利语 / 俄语 / 索马里语,2017-10-27(中国大陆);2017-10-06(美国)
442,引爆者,常征,常征;李萌,段奕宏;余男;王景春;成泰;余皑磊;郑楚一;陆彭,动作;犯罪,中国大陆,汉语普通话,2017-11-24(中国大陆);2017-06-26(上海电影节)
443,英伦对决,马丁・坎贝尔,大卫・马可尼;史蒂芬・莱泽,成龙;皮尔斯・布鲁斯南;刘涛;梁佩诗;夏莉・墨菲;欧拉・布莱蒂;迈克尔・麦克埃尔哈顿;西蒙・坤茨;雷・费隆;罗里・弗莱克-拜恩;皮帕・贝内特-华纳;德尔莫特・克劳利;蒂利亚纳・布克丽瓦;鲁弗斯・琼斯;斯蒂芬・霍根,动作;犯罪,英国 / 中国大陆,英语 / 汉语普通话,2017-09-30(中国大陆);2017-10-13(美国)
444,赢家,乔・斯万博格,乔・斯万博格;杰克・约翰逊,杰克・约翰逊;乔・洛・特鲁格里奥;克里斯・斯万博格;裘德・斯万博格;亚瑟・阿奇;史蒂夫・伯格;克里夫・张伯伦;科甘-迈克尔・凯;阿斯琳・德尔贝;蒂芙妮・伊冯娜・考克斯,喜剧,美国,英语,2017-03-11(西南偏南电影节);2017-04-07(美国网络)
445,勇敢者游戏：决战丛林,杰克・卡斯丹,克里斯・麦克纳;埃里克・萨默斯;斯科特・罗森伯格;杰夫・皮克纳;克里斯・范・奥斯伯格,道恩・强森;凯文・哈特;杰克・布莱克;凯伦・吉兰;尼克・乔纳斯;瑞斯・达比;鲍比・坎纳瓦尔;亚历克斯・沃尔夫;瑟达吕斯・布兰;麦迪森・伊瑟曼;摩根・特纳;梅森・古乔内;马克・埃文・杰克逊;玛琳・辛科;特雷西・邦纳;玛莉贝丝・梦露;米西・派勒;杰米・雷内尔;卡尔利斯・布克;罗翰・昌德;科林・汉克斯,动作;奇幻;冒险,美国,英语,2018-01-12(中国大陆);2017-12-20(美国)
446,勇往直前,约瑟夫・科辛斯基,肯・诺兰;埃里克・辛格尔;肖恩・弗林,乔什・布洛林;迈尔斯・特勒;杰夫・布里吉斯;詹妮弗・康纳利;詹姆斯・戴尔;泰勒・克奇;安迪・麦克道威尔;吉欧夫・斯图兹;亚历克斯・罗素;萨德・拉金比尔;本・哈迪;斯科特・黑兹;杰克・皮克金;斯科特・福克斯;迪兰・科宁;娜塔莉・豪尔;贝尔・詹姆斯,剧情;传记;灾难,美国,英语,2017-12-08(中国大陆);2017-10-20(美国)
447,游戏结束，老兄！,Kyle Newacheck,安德雷斯・霍尔姆,阿雅・卡什;舒格・林・彼尔德;尼尔・麦克唐纳;亚当・德维尼;安德雷斯・霍尔姆;杰尔・伯恩斯;布莱克.安德森;艾米莉・麦迪森;山姆・理查森;Geno Segers,喜剧;动作,美国,英语,2018-03-23(美国)
448,游戏人生ZERO,石V敦子,花田十x,松冈祯丞;茅野爱衣;日笠阳子;田村由加莉;井口裕香;能登麻美子;小松美幸;钉宫理惠,动画;奇幻,日本,日语,2017-07-15(日本)
449,有完没完,王啸坤,杨曼珠,范伟;贾静雯;刘俊昊;隋凯;宋阳;范;林更新;薛之谦;赵英俊;孔连顺;刘长生;于笑;李俊豪;柴蔚;张美娥;徐小溢;陈维涵;史耀中;肥龙;马洪磊;宋祖儿,剧情;喜剧,中国大陆,汉语普通话,2017-04-01(中国大陆)
450,与神同行,金容华,金容华,河正宇;车太贤;朱智勋;金香起;金东旭;艺秀晶;李政宰;吴达洙;林元熙;都切;张光;郑海钧;金荷娜;金海淑;金秀安;马东锡,剧情;奇幻,韩国,韩语,2017-12-20(韩国)
451,玉子,奉俊昊,奉俊昊;乔恩・容森,蒂尔达・斯文顿;安瑞贤;杰克・吉伦哈尔;保罗・达诺;莉莉・柯林斯;史蒂文・元;丹尼尔・亨绍尔;雪莉・亨德森;吉安卡罗・埃斯波西托;戴文・博斯蒂克;边熙峰;尹宰文;崔宇植,剧情;科幻;冒险,美国,韩语 / 英语,2017-05-19(戛纳电影节);2017-06-28(韩国)
452,原谅他77次,邱礼涛,李敏,蔡卓妍;周柏豪;诗雅;钟欣潼;卢巧音;郑希怡;雷琛瑜;郑诗君;陆永;林盛斌;小肥;惠英红;吴镇宇;郑丹瑞;李蕙敏;泰臣;孙佳君;韦罗莎;黄秋生,爱情,香港 / 中国大陆,粤语,2017-06-23(中国大陆);2017-03-10(大阪亚洲电影节);2017-06-15(香港)
453,圆圈,詹姆斯・庞索特,詹姆斯・庞索特;戴夫・艾格斯,艾玛・沃森;汤姆・汉克斯;格伦妮・海德利;比尔・帕克斯顿;凯伦・吉兰;埃拉・科尔特兰;贝克;内森・科德里;马莫多・阿西;约翰・博耶加;诺玛・索尔迪瓦尔;伊芙・戈登;帕顿・奥斯瓦尔特;阿米尔・塔莱;普娜・贾甘纳坦;艾伦・王;黄谷悦,剧情;科幻;惊悚,阿联酋 / 美国,英语,2017-04-26(翠贝卡电影节);2017-04-28(美国)
454,远山恋人,汉尼・阿布-阿萨德,克里斯・韦兹;J・迈尔斯・古德洛;查尔斯・马丁,伊德里斯・艾尔巴;凯特・温丝莱特;德蒙特・莫罗尼;博・布里奇斯;露西娅・沃尔特斯;李・马贾道布;玛茜・T・豪斯,剧情;爱情;冒险,美国,英语,2017-09-09(多伦多电影节);2017-10-06(美国)
455,灾难艺术家,詹姆斯・弗兰科,斯科特・纽斯塔德;迈克尔・H・韦伯;格雷戈・赛斯特罗;汤姆・比塞尔,詹姆斯・弗兰科;戴夫・弗兰科;塞斯・罗根;艾莉・葛瑞那;爱丽森・布里;杰基・韦佛;保罗・谢尔;扎克・埃夫隆;乔什・哈切森;琼・黛安・拉斐尔;梅根・莫拉莉;杰森・曼兹沃克斯;安德鲁・桑提诺;内森・菲尔德;乔・曼德;莎朗・斯通;约翰・厄尔利;梅兰尼・格里菲斯;汉尼拔・布勒斯;查琳・易;彼得・吉尔罗伊;劳伦・阿什;舒格・林・彼尔德;鲍勃・奥登科克;布莱恩・赫斯基;梅根・弗格森;兰道尔・朴;斯蒂芬・刘;凯西・威尔逊;杰洛德・卡尔迈克;豪莎・罗克莫雷;凯莉・奥克斯福德;凯瑟・多诺休;德丽・海明威;安吉琳;汤姆・佛朗哥;佐伊・达奇;伊克・巴里霍尔兹;凯文・史密斯;J・J・艾布拉姆斯;科甘-迈克尔・凯;亚当・斯科特;丹尼・麦克布莱德;克里斯汀・贝尔;贾德・阿帕图;丽兹・卡潘;托米・韦素,剧情;喜剧;传记,美国,英语,2017-09-11(多伦多电影节);2017-12-08(美国)
456,再见，克里斯托弗・罗宾,西蒙・柯蒂斯,弗兰克・科特雷尔・博伊斯;西蒙・沃恩,多姆纳尔・格里森;玛格特・罗比;威尔・蒂尔斯顿;埃里克斯・劳瑟;凯莉・麦克唐纳;肖恩・丁沃;斯蒂芬・坎贝尔・莫尔;理查德・麦凯布;薇琪・佩珀代因;杰拉丁・萨莫维尔;菲比・沃勒-布里奇;马克・坦迪;理查德・迪克森;理查德・克里弗特;西蒙・威廉姆斯;罗伯特・波特尔,剧情;家庭;传记;历史,英国,英语,2017-09-29(英国)
457,再见十八班,禹岚馨,禹岚馨;李雨洁,柯焱曦;熊婧文;秦海,剧情,中国大陆,汉语普通话,2018-03-07(中国大陆)
458,再见时光,薛贤坚,薛贤坚,杜维瀚;张家瑜;陈鹏万里;吴昱瑶;赵梦强;刘r;余思潞,剧情;爱情;同性,中国大陆,汉语普通话,2017-06-30(中国大陆)
459,再审,金兑j,金兑j,郑宇;姜河那;金海淑;李东辉;李Z荣;韩在英,剧情,韩国,韩语,2017-02-16(韩国)
460,战狼2,吴京,吴京;董群;刘毅,吴京;弗兰克・格里罗;吴刚;张翰;卢靖姗;丁海峰;淳于珊珊;余男;于谦;石兆琪;海蒂・莫尼梅克;奥列格・普鲁迪乌斯;艾伦・托尼;赛尔・哈里斯;高明;王森;苇青;程愫;张永达;郭秋成;杜建桥;周冠廷;安・詹姆斯;黛安娜・希拉;孙率航;张馨月;关海龙;安妮塔・斯图尔特;特雷弗・琼斯;奥斯汀・普里斯特;克莱・方特诺特;保罗・艾力卡;丹尼尔・哈格里夫;李镇男;庄小龙;陈云志;肯尼迪,动作,中国大陆,汉语普通话 / 英语,2017-07-27(中国大陆)
461,战犬瑞克斯,加芙列拉・考珀斯维特,帕梅拉・格雷;安妮・玛莫罗;蒂姆・洛夫斯特特,凯特・玛拉;汤姆・费尔顿;布莱德利・惠特福德;杰拉丁妮・詹姆斯;科曼;埃迪・法可;威尔・帕顿;拉蒙・罗德里格兹;珊农・塔伯特;米格尔・戈麦斯;乔纳森・霍华德;乔治・韦伯斯特;克里・约翰逊;山姆・基利;凯萨琳・戴尔;迈尔斯・穆森登;玛丽娜・马修斯;帕克・索耶,剧情;传记;战争,美国,英语,2018-05-11(中国大陆);2017-05-07(蒙特克莱电影节);2017-06-09(美国)
462,战争机器,大卫・米奇欧德,大卫・米奇欧德;迈克尔・黑斯廷斯,布拉德・皮特;安东尼・海斯;约翰・马加罗;安东尼・迈克尔・豪尔;艾莫里・科恩;托弗・戈瑞斯;丹尼尔・贝茨;艾蒙・汉道奇;RJ・赛勒;阿兰・卢克;尼古拉斯・琼斯;威尔・保尔特;勒凯斯・斯坦菲尔德;本・金斯利;梅格・提利;蒂尔达・斯文顿,剧情;喜剧;战争,美国,英语,2017-05-26(美国)
463,这个男人来自地球：全新纪,理查德・沙因克曼,理查德・沙因克曼;Emerson Bixby,大卫・李・史密斯;威廉姆・卡特;凡妮莎・威廉斯;布莱特妮・柯伦;迈克尔・多恩;斯特林・奈特,科幻,美国,英语,2017-06-10(美国)
464,这就是命,王丹,,王迅;曾志伟;梁超;潘斌龙;于莎莎;赵英俊;卢惠光;金圣柱;黄小蕾;关,喜剧;犯罪,中国大陆,汉语普通话,2017-12-01(中国大陆)
465,这是你的死亡,吉安卡罗・埃斯波西托,诺亚・平克;肯尼・亚克尔,乔什・杜哈明;吉安卡罗・埃斯波西托;法米克・詹森;凯特琳・菲茨杰拉德;莎拉・韦恩・卡丽丝;克里斯・埃里斯;露西娅・沃尔特斯;布鲁克・沃林顿;贾登・诺埃尔;加里・切克;吉尔斯・潘顿;斯科特・李斯特;肖恩・泰森;乔安娜・纽马奇;科里・格鲁特-安德鲁;伊丽莎白・韦恩斯坦;谢拉赫・霍斯达尔;克莱尔・菲利保;比特里斯・金;詹姆斯・弗兰科;尼尔斯・霍涅斯卡德;布雷登・泰勒;马修・凯文・安德森,剧情,美国,英语,2017-03-11(西南偏南电影节);2017-09-15(美国)
466,真实,李沙朗,李正燮,金秀贤;成东日;韩智恩;李圣F;崔雪莉;赵宇镇;崔权;郑仁谦;金弘波;李Z荣;丁瑞奇,动作,韩国,韩语,2017-06-28(韩国);2018-04-14(日本)
467,真事改编,罗曼・波兰斯基,罗曼・波兰斯基;奥利维耶・阿萨亚斯;德尔菲娜・德・维冈,艾玛纽尔・塞尼耶;伊娃・格林;文森特・佩雷斯;多米尼克・皮侬;卡米尔・查莫;布里吉特・罗安;荷赛・达阳;诺埃米・洛夫斯基;Elisabeth Quin;达米安・勃纳尔;莎迪娅・本太耶布,剧情;惊悚,法国 / 比利时,法语,2017-05-27(戛纳电影节);2017-11-01(法国)
468,镇魂法师,项秋良;项河生,项秋良;项河生,吴千语;陈信;岳冬峰;王洪千;邵老五,奇幻;武侠;古装,中国大陆,汉语普通话,2017-12-01(中国大陆)
469,正义联盟,扎克・施奈德,扎克・施奈德;克里斯・特里奥;乔斯・韦登;比尔・芬格;鲍勃・凯恩;乔・舒斯特;杰里・西格尔;威廉・马斯顿,本・阿弗莱克;亨利・卡维尔;盖尔・加朵;埃兹拉・米勒;杰森・莫玛;雷・费舍尔;杰瑞米・艾恩斯;艾米・亚当斯;戴安・琳恩;康妮・尼尔森;J・K・西蒙斯;塞伦・希德;艾梅柏・希尔德;乔・莫顿;丽莎・洛文・孔斯利;大卫・休里斯;迈克尔・麦克埃尔哈顿;理查德・克里弗特;英格瓦・埃盖特・西古德松;比利・克鲁德普;赛吉・康斯坦斯;乔・曼根尼罗;杰西・艾森伯格,动作;科幻;奇幻;冒险,美国,英语 / 冰岛语 / 俄语,2017-11-17(美国/中国大陆)
470,正义联盟：闪点悖论,杰伊・欧力瓦,詹姆斯・克里格;乔夫・琼斯,贾斯汀・钱伯斯;C・托马斯・豪威尔;迈克尔・B・乔丹;凯文・麦克基德;迪・布拉雷・贝克尔;史蒂夫・布卢姆;凯文・康瑞;萨姆・戴利;达娜・德拉尼,动作;科幻;动画;奇幻;冒险,美国,英语,2013-07-20(美国)
471,之后,洪尚秀,洪尚秀,金敏喜;权海骁;赵允熙;金玺碧;纪柱峰,剧情;爱情,韩国,韩语,2017-05-22(戛纳电影节);2017-07-06(韩国)
472,蜘蛛侠：英雄归来,乔・沃茨,约翰・弗朗西斯・戴利;史蒂夫・迪特寇;乔纳森・M・戈尔茨坦;斯坦・李,汤姆・赫兰德;小罗伯特・唐尼;玛丽莎・托梅;迈克尔・基顿;雅各布・巴特朗;托尼・雷沃罗利;赞达亚;乔恩・费儒;亚伯拉罕・阿塔哈;劳拉・哈里尔;迈克尔・巴尔别里;罗根・马歇尔-格林;马丁・斯塔尔;唐纳德・格洛弗;汉尼拔・布勒斯;迈克尔・曼多;博基姆・伍德拜因;肯尼斯・崔;詹妮弗・康纳利;格温妮斯・帕特洛;克里斯・埃文斯,动作;科幻;冒险,美国,英语,2017-09-08(中国大陆);2017-07-05(台湾);2017-07-07(美国)
473,指甲刀人魔,关智耀,陆以心;端端;游凯媛,周冬雨;张孝全;纳豆;林辰唏;蔡洁;盛朗熙;郑伊健;谢依霖;许玮甯,喜剧;爱情,中国大陆 / 香港,汉语普通话,2017-04-14(中国大陆);2017-04-11(北京电影节)
474,至爱梵高・星空之谜,多洛塔・科别拉;休・韦尔什曼,多洛塔・科别拉;休・韦尔什曼;贾科・丹纳尔,道格拉斯・布斯;罗伯特・古拉奇克;埃莉诺・汤姆林森;杰罗姆・弗林;西尔莎・罗南;海伦・麦克洛瑞;克里斯・奥多德;约翰・塞森斯;艾丹・特纳;詹姆斯・格林尼;比尔・托马斯;马丁・赫德曼;理查德・班克斯;霍莉・厄尔,剧情;动画;传记,英国 / 波兰,英语,2017-12-08(中国大陆);2017-06-12(安锡动画电影节);2017-10-13(英国)
475,至暗时刻,乔・赖特,安东尼・麦卡滕,加里・奥德曼;克里斯汀・斯科特・托马斯;莉莉・詹姆斯;本・门德尔森;斯蒂芬・迪兰;萨缪尔・韦斯特;汉娜・斯蒂尔;罗纳德・皮卡普;乔丹・沃勒;理查德・拉姆斯登;安娜・伯内特;尼古拉斯・琼斯;查理・帕尔默・罗斯韦尔;布赖恩・佩蒂福;菲利普・马丁・布朗;安杰莉克・琼;希尔顿・麦克雷;詹姆斯・伊莱斯;杰瑞米・查亚德;马汀・麦格;迈克尔・海登;迈克尔・博特,剧情;传记;历史,英国 / 美国,英语,2017-12-01(中国大陆);2017-09-01(特柳赖德电影节);2018-01-12(英国)
476,S刀社青春日记,英勉,英勉;小崎亚衣,西野七濑;樱井玲香;松村沙友理;白石麻衣;伊藤万理华;富田望生;生田绘梨花;松本妃代;冈野真也;江田结香;纪DM;北原帆夏;靠阼肿;绪方桃;宫田v奈;松田佳央理;中田花奈;齐藤优里,剧情,日本,日语,2017-09-22(日本)
477,中国推销员,檀冰,檀冰,李东学;迈克・泰森;史蒂文・席格;李艾;王自健;安妮克・阿斯克渥德;克罗维斯・弗昂;艾瑞克・艾伯纳尼,剧情;动作;爱情;战争,中国大陆,汉语普通话 / 英语,2017-06-16(中国大陆)
478,中转停留,威廉姆・H・梅西,大卫・霍恩斯比;兰斯・克拉尔,凯特・阿普顿;亚历珊德拉・达达里奥;马特・巴尔;马特・琼斯;卡尔・潘;迈克尔・本耶尔;艾米・阿内克;乔・努内斯;阿尔文・桑德斯;罗伯・考德瑞;莫莉・香侬;安吉拉・穆尔;约翰・卡西尼;詹妮弗・千;约翰・德斯崔;罗克・克里切洛;凯利・格泽尔;玛丽・布莱克,喜剧,美国,英语,2017-08-03(美国网络)
479,忠爱无言,谈宜之,谈宜之,高强;于月仙;李玉峰;二货;储毅;王玉宁,剧情,中国大陆,汉语普通话,2017-06-09(中国大陆)
480,终结的感觉,赖舒・彼查,尼克・佩恩;朱利安・巴恩斯,吉姆・布劳德本特;夏洛特・兰普林;哈丽特・瓦尔特;米歇尔・道克瑞;马修・古迪;艾米莉・莫迪默;詹姆斯・维尔比;爱德华・霍尔克罗夫特;比利・豪尔;弗雷娅・梅弗;乔・阿尔文;彼得・怀特;希尔顿・麦克雷;杰克・洛克斯顿;蒂莫西・英纳斯;凯利・普赖斯;奥利弗・莫尔特曼,剧情,英国,英语,2017-03-10(美国);2017-04-14(英国)
481,钟馗传奇之岁寒三友,晓寒,晓寒,,动画;奇幻,中国大陆,汉语普通话,2017-12-02(中国大陆)
482,重返17岁,古泽健,阿相久美子;夜宵草,中川大志;平v奈;高杉真宙;池田依来沙;冈崎纱绘;千叶雄大,剧情;喜剧;爱情,日本,日语,2017-04-15(日本)
483,重返初遇之夜,阿里・桑德尔,约翰・惠廷顿,亚当・德维尼;亚历珊德拉・达达里奥;雪莱・亨尼格;安德鲁・巴切勒;罗比・阿美尔;迪安维斯特;托尼・卡瓦勒罗;德菲亚尤・马萨利斯;克里斯・维尔德;戴恩・卡恩;彼得・詹梅斯;马丁・巴特斯・布拉德福德;瑙伦・德沃芙;切尔西・布兰迪;亚当・亨斯利;泰内娅・因崔亚戈,喜剧;爱情;奇幻,美国,英语,2018-02-09(美国网络)
484,昼行闪耀的流星,新城毅彦,安达奈绪子;山森三香,永野芽郁;三浦翔平;白滨亚岚;山本舞香;西田尚美;佐藤隆太,爱情,日本,日语,2017-03-24(日本)
485,昼颜 电影版,西谷弘,井上由美子,上户彩;斋藤工;伊藤步;平山浩行;黑泽明日香;c原实里;志贺广太郎;三浦诚己;涩川清彦;松居大悟;中村育二,剧情;爱情,日本,日语,2017-06-10(日本)
486,助产士,马丁・波渥斯,马丁・波渥斯,凯瑟琳・德纳芙;凯瑟琳・弗洛;奥利维埃・古尔梅;昆汀・多尔马尔;米琳娜・德蒙若;波林・艾蒂安;奥黛丽・达娜;褒琳・巴里科;卡丽佳・图尔,剧情,法国 / 比利时,法语,2017-02-14(柏林电影节);2017-03-22(法国)
487,追捕,吴宇森,陈庆嘉;陈嘉上;阮世生;江良至;顾在林;王思敏;叶沛洁,张涵予;福山雅治;戚薇;河智苑;国村隼;竹中直人;仓田保昭;斋藤工;吴飞霞;樱庭奈奈美;池内博之;冈本多绪;德永邦治;矢岛健一;田中圭;中村让;吉泽悠,剧情;动作;悬疑,香港 / 中国大陆,汉语普通话 / 英语 / 日语,2017-11-24(中国大陆);2017-09-06(威尼斯电影节)
488,追龙,王晶;关智耀,王晶;吕冠南;叶铭浩,甄子丹;刘德华;姜皓文;郑则仕;刘浩龙;汤镇业;喻亢;胡然;徐冬冬;黄日华;陈惠敏;周丽淇;吴毅将,动作;犯罪,香港 / 中国大陆,粤语 / 汉语普通话,2017-09-30(中国大陆)
489,准许,布莱恩・科拉诺,布莱恩・科拉诺,丽贝卡・豪尔;丹・史蒂文斯;杰森・苏戴奇斯;吉娜・格申;弗朗索瓦・阿诺德;劳尔・卡斯提洛;大卫・约瑟夫・克雷格;阿克塞尔・B・克拉诺;布里奇特・埃弗里特;米歇尔赫斯特;马克・伊瑟利斯;摩根.斯佩克特;萨拉・斯蒂尔,剧情;喜剧;爱情,美国,英语,2017-04-22(翠贝卡电影节);2018-01-09(美国)
490,祖宗十九代,郭德纲,郭德纲;陈璧瑜,岳云鹏;吴京;吴秀波;井柏然;林志玲;王宝强;大鹏;吴君如;李晨;杜淳;郑恺;欧弟;张国立;贾乃亮;张俪;马苏;萧敬腾;汪东城;于谦;黄磊;吴樾;孙艺洲;贾玲;谢依霖;孟非;郭麒麟;谢楠;王小利;张晨光;刘蓓;孙越,喜剧;奇幻,中国大陆,汉语普通话,2018-02-16(中国大陆)
491,最后的旗帜,理查德・林克莱特,理查德・林克莱特;达里尔・波尼克森,布莱恩・科兰斯顿;劳伦斯・菲什伯恩;史蒂夫・卡瑞尔;J・昆顿・约翰逊;迪安娜・里德-福斯特;尤尔・瓦斯克斯;格雷厄姆・沃尔夫;杰夫・莫纳汉;多泰斯・詹姆斯;塔米・蔡;理查德・巴洛;凯希・奥德尔;简・莫德;理查德・罗比查乌克斯;杰瑞・李・塔克;凯特・伊斯顿;西西莉・泰森;小特德・瓦特斯;李・哈林顿;塞缪尔・戴维斯,剧情;喜剧;战争,美国,英语,2017-09-28(纽约电影节);2017-11-03(美国)
492,最后的诗句,曾英庭,曾英庭;施虹如,傅孟柏;温贞菱;黄迪扬;姚以缇;高群;高盟杰;高英轩,剧情;爱情,台湾,汉语普通话,2017-03-04(台湾)
